CREATE DATABASE  IF NOT EXISTS `reomenedaciones` /*!40100 DEFAULT CHARACTER SET utf8mb3 COLLATE utf8mb3_bin */ /*!80016 DEFAULT ENCRYPTION='N' */;
USE `reomenedaciones`;
-- MySQL dump 10.13  Distrib 8.0.31, for Win64 (x86_64)
--
-- Host: localhost    Database: reomenedaciones
-- ------------------------------------------------------
-- Server version	8.0.31

/*!40101 SET @OLD_CHARACTER_SET_CLIENT=@@CHARACTER_SET_CLIENT */;
/*!40101 SET @OLD_CHARACTER_SET_RESULTS=@@CHARACTER_SET_RESULTS */;
/*!40101 SET @OLD_COLLATION_CONNECTION=@@COLLATION_CONNECTION */;
/*!50503 SET NAMES utf8 */;
/*!40103 SET @OLD_TIME_ZONE=@@TIME_ZONE */;
/*!40103 SET TIME_ZONE='+00:00' */;
/*!40014 SET @OLD_UNIQUE_CHECKS=@@UNIQUE_CHECKS, UNIQUE_CHECKS=0 */;
/*!40014 SET @OLD_FOREIGN_KEY_CHECKS=@@FOREIGN_KEY_CHECKS, FOREIGN_KEY_CHECKS=0 */;
/*!40101 SET @OLD_SQL_MODE=@@SQL_MODE, SQL_MODE='NO_AUTO_VALUE_ON_ZERO' */;
/*!40111 SET @OLD_SQL_NOTES=@@SQL_NOTES, SQL_NOTES=0 */;

--
-- Table structure for table `actor`
--

DROP TABLE IF EXISTS `actor`;
/*!40101 SET @saved_cs_client     = @@character_set_client */;
/*!50503 SET character_set_client = utf8mb4 */;
CREATE TABLE `actor` (
  `idActor` int NOT NULL AUTO_INCREMENT,
  `Nombre_Actor` varchar(45) CHARACTER SET utf8mb3 COLLATE utf8mb3_bin NOT NULL,
  PRIMARY KEY (`idActor`)
) ENGINE=InnoDB AUTO_INCREMENT=612 DEFAULT CHARSET=utf8mb3 COLLATE=utf8mb3_bin;
/*!40101 SET character_set_client = @saved_cs_client */;

--
-- Dumping data for table `actor`
--

LOCK TABLES `actor` WRITE;
/*!40000 ALTER TABLE `actor` DISABLE KEYS */;
INSERT INTO `actor` VALUES (1,'George A. Williams'),(2,'Ambroise Michel'),(3,'Matt Dearman'),(4,'Rupert Hill'),(5,'Melissa George'),(6,'Sarah-Louise Hayward'),(7,'Ian Wright'),(8,'David Selvas'),(9,'Vilgot Sjöman'),(10,'Deborah Duke'),(11,'Tony Chimel'),(12,'Monica Zetterlund'),(13,'Dian Parkinson'),(14,'Bruce Forsyth'),(15,'Visnja Babic'),(16,'Marketa Brymova'),(17,'Barry Jenner'),(18,'Robert Peters'),(19,'Boris Cavazza'),(20,'Jose Toledo'),(21,'Helen Richey'),(22,'Fátima Baeza'),(23,'Vernon Dent'),(24,'Damián de Santo'),(25,'Tatiana Kotsou'),(26,'Ozan Ayhan'),(27,'Filip Bolluyt'),(28,'Kirsten Olesen'),(29,'Kylie Minogue'),(30,'Matt Skibiak'),(31,'Queco Novell'),(32,'Jim Parsons'),(33,'Miitta Sorvali'),(34,'Hiroshi Chô'),(35,'Frank Muir'),(36,'Alex Golfis'),(37,'Colby Donaldson'),(38,'Jamie Farr'),(39,'Brian Ries'),(40,'Kent Villeneuve'),(41,'Stephenie LaGrossa'),(42,'Grace Dunham'),(43,'Johnny Galecki'),(44,'Radhika Chaudhari'),(45,'Lara Cody'),(46,'Nathalie Baye'),(47,'Salim Ghouse'),(48,'Debra Lawrance'),(49,'Rober Bodegas'),(50,'Bill Belichick'),(51,'Miranda Fryer'),(52,'Andrew Clarke'),(53,'Dylan Nichole Bandy'),(54,'Charlie Sheen'),(55,'Sebastian Cavazza'),(56,'Yvonne Johnsrud'),(57,'Gene Wood'),(58,'Emilio Echevarría'),(59,'Hyôe Enoki'),(60,'Archie Panjabi'),(61,'Nicolas Létourneau'),(62,'Roger Boyce'),(63,'Mari Konstadatou'),(64,'Mark Little'),(65,'Alan Dale'),(66,'Melissa Marshall'),(67,'Ingrid Guimarães'),(68,'Anja Harteros'),(69,'Cornelia Frances'),(70,'Ying Bai'),(71,'Julianne Moore'),(72,'Sonny Flood'),(73,'Mario Lopez'),(74,'Francesca Fowler'),(75,'Jemma Walker'),(76,'Mike Golic'),(77,'Friedel Nowack'),(78,'Jeff Probst'),(79,'Marlene Schuen'),(80,'Margarita Levieva'),(81,'Amber Kilpatrick'),(82,'Margaret Dill Andrea'),(83,'Hank Mann'),(84,'Josh Radnor'),(85,'Patrick Poivre d\'Arvor'),(86,'Amber Benson'),(87,'Judi Dench'),(88,'Sharon Case'),(89,'Lena-Pia Bernhardsson'),(90,'Daniel Probst'),(91,'Cully Fredricksen'),(92,'Inez Viegas'),(93,'Maranda Thomas'),(94,'Julie Smith'),(95,'Jonas Kaufmann'),(96,'Kate Fleetwood'),(97,'Pep Plaza'),(98,'Perry King'),(99,'Bernard Le Coq'),(100,'Konomi Fuji'),(101,'Ferran Monegal'),(102,'Christopher Macke'),(103,'Natalie Morales'),(104,'Victor Browne'),(105,'Edward Asner'),(106,'Peter Steele'),(107,'Jason Segel'),(108,'Ida Clayton'),(109,'Maree Ackehurst'),(110,'Vana Barba'),(111,'Walter Richter-Reinick'),(112,'Hiam Abbass'),(113,'Fritz Eckhardt'),(114,'Ferit Kaya'),(115,'Lauren Davis'),(116,'Sarah Whitcomb Foss'),(117,'Jack Horner'),(118,'Bob Barker'),(119,'Maeghan Albach'),(120,'Richard Schickel'),(121,'Gerasimos Skiadaressis'),(122,'Tim Gunn'),(123,'Charles Black'),(124,'Vanessa Williams'),(125,'Chris Caulier'),(126,'Maria Rusolo'),(127,'Manel Fuentes'),(128,'Amanda Alexander'),(129,'Scott Pembroke'),(130,'Mark Harmon'),(131,'Kelly Miyahara'),(132,'Terry Wogan'),(133,'Adam Burnett'),(134,'Alberto Casado'),(135,'Alex Trebek'),(136,'Anna Pérez Pagès'),(137,'Wilson Bethel'),(138,'Chien Tsao'),(139,'Andrew Barrett'),(140,'Jonas Falk'),(141,'Alexandra Wentworth'),(142,'Bea Benaderet'),(143,'Patricia Conde'),(144,'Patrick Campbell'),(145,'Brando Austin'),(146,'Judy Greer'),(147,'Rachel Griffiths'),(148,'Beth'),(149,'Bernard Yerlès'),(150,'Elise Baughman'),(151,'Lanisha Cole'),(152,'Johnny Gilbert'),(153,'Elisabeth Anglarill'),(154,'Finn Greentree-Keane'),(155,'Patrick Le Mauff'),(156,'Randall Edwards'),(157,'Elena Esovolova'),(158,'Hans Schweikart'),(159,'Jimmy Fallon'),(160,'Mustafa Üstündag'),(161,'Joanna Lumley'),(162,'Jade Amenta'),(163,'Elfriede Ott'),(164,'George Routh'),(165,'Ryuji Ishiyama'),(166,'Ganes'),(167,'Janice Pennington'),(168,'Johnathan McClain'),(169,'Drew Carey'),(170,'Den Ohinata'),(171,'Christina Aloupi'),(172,'Danny Casillas'),(173,'Ada Nicodemou'),(174,'Stanley Weber'),(175,'Jon Heder'),(176,'Jirina James'),(177,'Jordi Planas'),(178,'Marcia Ashton'),(179,'Pérola Faria'),(180,'Rino Romano'),(181,'Yves Simon'),(182,'Jason Aaron'),(183,'David Poush'),(184,'Matt Czuchry'),(185,'Bert Convy'),(186,'Angela Hazeldine'),(187,'Torkel Petersson'),(188,'Lindsay Bloom'),(189,'Jacqueline Bustamante'),(190,'Steve Dineen'),(191,'Toyo Takahashi'),(192,'Petar Ciritovic'),(193,'Jimmy McGuire'),(194,'Felix Burleson'),(195,'N/A'),(196,'Nathalie Cox'),(197,'The Wiere Brothers'),(198,'Henning Moritzen'),(199,'Raymond Ebanks'),(200,'Polly Whitehouse'),(201,'Paul Dano'),(202,'Melissa Priode'),(203,'Roberto Pedicini'),(204,'Ruth Langsford'),(205,'Lyn Collingwood'),(206,'Anthony Michael Hall'),(207,'Colin McFarlane'),(208,'Alaska'),(209,'Jean-Paul Comart'),(210,'Dorothy Lyman'),(211,'Kyle Brandt'),(212,'Paul Sereno'),(213,'Guillermo Iván'),(214,'Melinda Messenger'),(215,'Anne Burrell'),(216,'Juliana Paes'),(217,'H. Jon Benjamin'),(218,'Linda Pauling Kamb'),(219,'Ava Helen Pauling'),(220,'Zuzana Norisová'),(221,'In-sook Choi'),(222,'Holly Hallstrom'),(223,'Chris Cardona'),(224,'Mahbub Alam'),(225,'Martin Brady'),(226,'Bojana Novakovic'),(227,'Frank Welker'),(228,'Romina Gaetani'),(229,'Dieter Brummer'),(230,'Janice Lieberman'),(231,'Rafael Benítez'),(232,'Jon Cryer'),(233,'Charlie Rose'),(234,'Jermaine Jackson'),(235,'Tess Daly'),(236,'Tia Lynn Ballard'),(237,'Cynthia Dale'),(238,'Audrey Barton'),(239,'John Gabriel'),(240,'Ryan Chaffee'),(241,'Jin-hee Baek'),(242,'Giorgos Tzortzis'),(243,'Patrick Stewart'),(244,'François Morel'),(245,'Linda Hartley'),(246,'Raphael'),(247,'Kafka'),(248,'Rafael Magaldi'),(249,'Chris LaPanta'),(250,'Sarah Vaughan'),(251,'Myke Hideous'),(252,'Pitu Abril'),(253,'Jakob Borgen'),(254,'Tony Domenico'),(255,'Todd McKenney'),(256,'Tyler Florence'),(257,'Sebastian Warholm'),(258,'Esra Rusan'),(259,'Brian Cowan'),(260,'Sonia Kruger'),(261,'Cote de Pablo'),(262,'Elijah Wood'),(263,'Erika Krohn'),(264,'Bret Beaudry'),(265,'Vasia Panagopoulou'),(266,'Martha Higareda'),(267,'Martha Stewart'),(268,'Wayne Brady'),(269,'Mark Keller'),(270,'Jodie Hanson'),(271,'Glen Wallace'),(272,'Nicolás Cabré'),(273,'Chris Parnell'),(274,'Teti Shinaki'),(275,'Dudley Moore'),(276,'Anne Sofie Espersen'),(277,'Zeina Daccache'),(278,'Reiko Mutô'),(279,'Gardner McKay'),(280,'Manuela Arbeláez'),(281,'Hiroshi Ichimura'),(282,'Ryan Gosling'),(283,'Donella Alanwick'),(284,'Sebastien Loghman'),(285,'Sugar Ray Leonard'),(286,'Volkan Özler'),(287,'Alex Beh'),(288,'Jan Fares'),(289,'Panos Mihalopoulos'),(290,'Kyôko Kagawa'),(291,'Dick Gautier'),(292,'Larry O\'Donnell'),(293,'Lauren Sanchez'),(294,'Hugo De Lipowski'),(295,'Maria Matilde Almendros'),(296,'Helen Gibson'),(297,'Kelly Clarkson'),(298,'Shôgo Suzuki'),(299,'Arslan Burak Bozdag'),(300,'Déborah François'),(301,'Matthew Goode'),(302,'Larry Adler'),(303,'Oprah Winfrey'),(304,'Hiroki Aiba'),(305,'Michael Weatherly'),(306,'Mayumi Tanaka'),(307,'Hamadi Khemiri'),(308,'Shawna McSheffrey'),(309,'Rodrigo Lombardi'),(310,'Constance McCashin'),(311,'Jocelyn Quivrin'),(312,'Zoe Tyler'),(313,'Christina Challey'),(314,'Filip Blazek'),(315,'Maxime Perron'),(316,'Don Knodel'),(317,'Marina Labropoulou'),(318,'Gustavo Cerati'),(319,'Reinhold Tischler'),(320,'René Angélil'),(321,'Alexandre Jardin'),(322,'Tôri Matsuzaka'),(323,'Keegan-Michael Key'),(324,'Sam Witwer'),(325,'Rebecca Todd'),(326,'Nikos Papadakis'),(327,'Gustavo Cordera'),(328,'Joanna Foster'),(329,'Angus T. Jones'),(330,'Raymond Crowe'),(331,'Ben Carpenter'),(332,'Steve Blackwood'),(333,'Kenny Williams'),(334,'Trevor Bittinger'),(335,'Doukissa Nomikou'),(336,'Abby Dalton'),(337,'Anushka Shetty'),(338,'Pat Ting Hung'),(339,'Daisy Cameron'),(340,'Jackée Harry'),(341,'Celina Jaitly'),(342,'Mercedes Sampietro'),(343,'Mihalis Giannatos'),(344,'Khadeeja Ameena'),(345,'Patricia Arquette'),(346,'Janice Moorehouse'),(347,'Alex Brendemühl'),(348,'Tatyana Ali'),(349,'Mark Lawrenson'),(350,'Jeffrey Ross'),(351,'Katharine Cullen'),(352,'Bud Abbott'),(353,'Jerry Lawler'),(354,'David Novotný'),(355,'Arturo Vega'),(356,'Henri Castelli'),(357,'Dawn Olivieri'),(358,'Robert Knepper'),(359,'Jamelia'),(360,'Roger Griffiths'),(361,'Jenny McCarthy'),(362,'Flávia Alessandra'),(363,'Darrin Banks'),(364,'Regilio Tuur'),(365,'Ray Meagher'),(366,'Stephanie Drapeau'),(367,'Alan Dedicoat'),(368,'Ina Svenningdal'),(369,'Rachel Friend'),(370,'Steven Hill'),(371,'Daniel Amalm'),(372,'Maxey Whitehead'),(373,'Bruno Ricci'),(374,'Julian Casablancas'),(375,'Conan O\'Brien'),(376,'Gil Gerard'),(377,'Maricela Lazcano'),(378,'Sarah Felder'),(379,'Damien Samways'),(380,'Robert Robinson'),(381,'Tom Poston'),(382,'Andy Moss'),(383,'Alexandra Fletcher'),(384,'Mike Chioda'),(385,'Jim Millea'),(386,'Anne Charleston'),(387,'Tanya Franks'),(388,'Steve Kramer'),(389,'Peter Bergman'),(390,'Mari Sainio'),(391,'Carlos Latre'),(392,'Emma Catherine Rigby'),(393,'Laurie Simmons'),(394,'Gregory Erickson'),(395,'Elizabeth Connell'),(396,'Antonio Zabálburu'),(397,'René-Charles Angélil'),(398,'Doris Baumueller'),(399,'Alexandra Vandernoot'),(400,'Kenneth Bradley'),(401,'Bill Cullen'),(402,'Dilara Erel'),(403,'Jure Henigman'),(404,'Barclay Kamb'),(405,'Oliver Burch'),(406,'Gaby Blaaser'),(407,'Marie-Pierre Meinzel'),(408,'Jeff Bell'),(409,'Dorothy Izatt'),(410,'Ray Garcia'),(411,'Frank-Otto Schenk'),(412,'Merta Sterling'),(413,'Massimo Boldi'),(414,'Elke Burkert'),(415,'Julianna Margulies'),(416,'Anthony Couturie'),(417,'Hans Joachim Stuck'),(418,'Roberto Drago'),(419,'Gregory Lech Thaddeus'),(420,'Lluís Danés'),(421,'Gracie Allen'),(422,'Joseph Vijay'),(423,'Miguel Bosé'),(424,'Shannon Caruso'),(425,'Irene Marot'),(426,'Daniel MacPherson'),(427,'Isla Fisher'),(428,'Linus Pauling'),(429,'Jerry Jarrett'),(430,'Peter O\'Brien'),(431,'John Aniston'),(432,'Christof Fischesser'),(433,'Jessica Muschamp'),(434,'Clifton Davis'),(435,'Elise Larnicol'),(436,'Thierry Lhermitte'),(437,'Marcio Garcia'),(438,'Mark Singleton'),(439,'Chemseddine Amar'),(440,'Ansie St-Martin'),(441,'Mathieu Demy'),(442,'Tess Haubrich'),(443,'Gonzalo Aragón'),(444,'Stefan Dennis'),(445,'Hollie Olson'),(446,'Kevin Sizemore'),(447,'Safak Sezer'),(448,'Sherrie Hewson'),(449,'Farooq Shaikh'),(450,'Popi Hajidimitriou'),(451,'Leann Hunley'),(452,'Nancy Addison'),(453,'Dana Andrews'),(454,'Janet Shamlian'),(455,'Miguel Sandoval'),(456,'Farah Yusuf'),(457,'Carley Stenson'),(458,'Ryûsei Nakao'),(459,'Andrew Moss'),(460,'Pere Arquillué'),(461,'Lusiana Belle Frost'),(462,'Frederikke Dahl Hansen'),(463,'Abigail Bader'),(464,'Steve Carell'),(465,'Vic Mignogna'),(466,'Sally Dynevor'),(467,'Sam Baumueller'),(468,'Jeanne Cooper'),(469,'Kaley Cuoco'),(470,'Gerard McCarthy'),(471,'Miles Szanto'),(472,'Vince Earl'),(473,'Rebecca Forstadt'),(474,'Ralph Fiennes'),(475,'Wim Helsen'),(476,'Pauline Carton'),(477,'Aga Erel'),(478,'Peter Marshall'),(479,'Vito Baumueller'),(480,'Pierre Arditi'),(481,'Matt Sloan'),(482,'Clint Eastwood'),(483,'François Berland'),(484,'Gioia Scola'),(485,'Norman Coburn'),(486,'Kate Walsh'),(487,'Michel Cordes'),(488,'Gary Lineker'),(489,'Lynne McGranger'),(490,'Xavier Samuel'),(491,'Aileen Davila'),(492,'David Graf'),(493,'Barry Yandell'),(494,'Pedro Fernandes'),(495,'Dwayne Perkins'),(496,'Mark Eyskens'),(497,'Onur Buldu'),(498,'Natalie Pinkham'),(499,'Samantha Markowic'),(500,'David Cubitt'),(501,'Liz Murphy'),(502,'Giada De Laurentiis'),(503,'Hitesh Jogia'),(504,'Leah Adcock'),(505,'Anthony Bowling'),(506,'Tracey E. Bregman'),(507,'Jean-Louis Tribes'),(508,'Helen Worth'),(509,'George Burns'),(510,'Masako Nozawa'),(511,'Paul Keane'),(512,'Peter Guttilla'),(513,'Lloll Bertran'),(514,'Claire Keim'),(515,'Rosie Rowell'),(516,'Fred Grandy'),(517,'Emma Rigby'),(518,'Csilla Barath-Bastaic'),(519,'Richard Backus'),(520,'Bronagh Waugh'),(521,'Aurélie Vaneck'),(522,'Howard Morton'),(523,'Jimmy Hart'),(524,'Paula Marshall'),(525,'Sasha Pieterse'),(526,'Filipe Cardoso'),(527,'Linda De Win'),(528,'Arthur Marshall'),(529,'Berta Collado'),(530,'Meredith Vieira'),(531,'Cobie Smulders'),(532,'Björn Kjellman'),(533,'James Naughton'),(534,'Matthew Ashford'),(535,'Peter Striebeck'),(536,'Alessandro Sampaoli'),(537,'Audrey Fleurot'),(538,'David Easter'),(539,'Jay Mohr'),(540,'George Segal'),(541,'Lena Dunham'),(542,'Joseph Fiennes'),(543,'Vinciane Millereau'),(544,'Jitka Schneiderová'),(545,'Josh Altmeyer'),(546,'Jane McDonald'),(547,'Barbara De Rossi'),(548,'Marcel Leboeuf'),(549,'Dennis Coard'),(550,'Mike Greenberg'),(551,'Sasha Close'),(552,'Stephen Furst'),(553,'Mahmoud Abdel Aziz'),(554,'Patrice Coquereau'),(555,'Shigeru Ogura'),(556,'Lucinda Cowden'),(557,'Harry von Zell'),(558,'Reece Dinsdale'),(559,'Sergi Albert'),(560,'Alejandro Patiño'),(561,'Luis Filipe Borges'),(562,'Aydemir Akbas'),(563,'Patrick Chesnais'),(564,'Derek Fisher'),(565,'Jay Aubrey II'),(566,'Dave Bautista'),(567,'Rod Densley'),(568,'Reggie Yates'),(569,'Giannis Zavradinos'),(570,'Josh McDermitt'),(571,'Anne Haddy'),(572,'Stephen Anthony Campbell'),(573,'Ayse Erel'),(574,'Monty Hall'),(575,'Robert Richter'),(576,'Jeff Bennett'),(577,'Lorànt Deutsch'),(578,'Huell Howser'),(579,'Karan Armstrong'),(580,'Pedro Casablanc'),(581,'Geoff Paine'),(582,'Nicholle Walton-Durban'),(583,'Adrian Chiles'),(584,'Jon Green'),(585,'Céline Dion'),(586,'Dean Sullivan'),(587,'Jani Juntunen'),(588,'Adrian Flowers'),(589,'Malvino Salvador'),(590,'Alan Hansen'),(591,'Adrian Falch Karlsen'),(592,'Chuck Nice'),(593,'Alain Cauchi'),(594,'Hafid Abdelmoula'),(595,'Lee Dixon'),(596,'Pedro Aznar'),(597,'Bobby Flay'),(598,'Nancy Grace'),(599,'Hannah Black'),(600,'Charles Comer'),(601,'Pierre Martot'),(602,'Bernard Barrow'),(603,'James Findlay'),(604,'Stephen Weingarten'),(605,'Yvette Bou'),(606,'Ali Costello'),(607,'François Bartels'),(608,'Sarah Whitcomb'),(609,'Abhimanyu Singh'),(610,'Saint Adams'),(611,'Mandy Bishop');
/*!40000 ALTER TABLE `actor` ENABLE KEYS */;
UNLOCK TABLES;

--
-- Table structure for table `director`
--

DROP TABLE IF EXISTS `director`;
/*!40101 SET @saved_cs_client     = @@character_set_client */;
/*!50503 SET character_set_client = utf8mb4 */;
CREATE TABLE `director` (
  `idDirector` int NOT NULL AUTO_INCREMENT,
  `Nombre_Director` varchar(45) CHARACTER SET utf8mb3 COLLATE utf8mb3_bin NOT NULL,
  PRIMARY KEY (`idDirector`)
) ENGINE=InnoDB AUTO_INCREMENT=169 DEFAULT CHARSET=utf8mb3 COLLATE=utf8mb3_bin;
/*!40101 SET character_set_client = @saved_cs_client */;

--
-- Dumping data for table `director`
--

LOCK TABLES `director` WRITE;
/*!40000 ALTER TABLE `director` DISABLE KEYS */;
INSERT INTO `director` VALUES (1,'Norman Sedawie'),(2,'Frank Longo'),(3,'J. Gunnis Davis'),(4,'Matthew Cohen'),(5,'Gene Deitch'),(6,'Steve Shill'),(7,'Besim Dushaj'),(8,'Gary C. Warren'),(9,'Danny Raco'),(10,'Ilir Demiraj'),(11,'Scott Heming'),(12,'Laurence Wilson'),(13,'Ben Talar'),(14,'Claudine Jordan'),(15,'James Webber'),(16,'Katarina Sulajova'),(17,'Raül Díaz'),(18,'Damien Goodwin'),(19,'Mark Cendrowski'),(20,'Kenjirô Morinaga'),(21,'João Jardim'),(22,'Yasuhiro Nowatari'),(23,'Frederick De Cordova'),(24,'Thierry Binisti'),(25,'Frédéric Sojcher'),(26,'Phil Lott'),(27,'Yiannis Hartomatzidis'),(28,'Eric Vuillard'),(29,'Matthew Brown'),(30,'Gayle Gibson Sedawie'),(31,'Nathan Brown'),(32,'Peter Dodds'),(33,'Nikos Hatziangelis'),(34,'Nikki Parsons'),(35,'Craig Boreham'),(36,'Peter Molle'),(37,'Paul Alter'),(38,'Justin R. Durban'),(39,'Tony Osicka'),(40,'Korhan Bozkurt'),(41,'Mark Adamson'),(42,'Adam Reed'),(43,'Martyn Chalk'),(44,'Philippe Dajoux'),(45,'Cathy Malkasian'),(46,'Charles Quinn Frutos'),(47,'Léa Fazer'),(48,'Naim Dushaj'),(49,'Yasuhiro Irie'),(50,'Jerry Evans'),(51,'Emmanuelle Bercot'),(52,'Jörn Donner'),(53,'Whitney Hamilton'),(54,'James Widdoes'),(55,'Scott Murphy'),(56,'Dong-il Shin'),(57,'Mark Cabaroy'),(58,'Kendal Flanagan'),(59,'Arvin Brown'),(60,'Mariana Jaroslavsky'),(61,'Kurt Koehler'),(62,'So Yong Kim'),(63,'N/A'),(64,'Michael Goodwin'),(65,'Tracey Rooney'),(66,'John Requa'),(67,'Fred Saddi-Naccache Limia'),(68,'Catherine Pappas'),(69,'Mats Arehn'),(70,'Lorenzo Gabriele'),(71,'Rona Mark'),(72,'Marc Morgan'),(73,'Sally McDonald'),(74,'Philip Boag'),(75,'Hermann Kugelstadt'),(76,'Rebecca Richman Cohen'),(77,'Mark Callen'),(78,'Heidi Maria Faisst'),(79,'Chad Schaffler'),(80,'Pau Escribano'),(81,'Ludwig Cremer'),(82,'Sylvie Bringas'),(83,'Charlie Minn'),(84,'Noboru Takemoto'),(85,'Jenny Kubo'),(86,'Murat Emir Eren'),(87,'Vincent Misiano'),(88,'Adam Kane'),(89,'Tonnie Dinjens'),(90,'Harry Wiland'),(91,'Scotty Jx'),(92,'Nikos Koutsis'),(93,'Sebastián Borensztein'),(94,'Atle Knudsen'),(95,'Lena Dunham'),(96,'Jonathan Teplitzky'),(97,'Christoph Rainer'),(98,'Tim Van Someren'),(99,'Anat Even'),(100,'Emmanuelle Dubergey'),(101,'Glen Weiss'),(102,'Kafka'),(103,'Aydin Bulut'),(104,'Erez T. Yanuv Barzilay'),(105,'Chris Griffin'),(106,'Samuel Matteau'),(107,'Allan Kartun'),(108,'Yoshihiro Oka'),(109,'James Burrows'),(110,'Mahesh Nair'),(111,'Jeff McGrath'),(112,'Brett Kelly'),(113,'Yannis Economides'),(114,'Jerome Shaw'),(115,'Pamela Fryman'),(116,'Stéphane Laporte'),(117,'Marcos Schechtman'),(118,'Gavin Heffernan'),(119,'Ged Maguire'),(120,'Piotr Bulsza'),(121,'Marcin Teodoru'),(122,'Ferran Monegal'),(123,'Kevin McCarthy'),(124,'Natalia Kostopoulou'),(125,'Chris Grega'),(126,'Rupert Goold'),(127,'Sylvain Doreau'),(128,'Javier Pizarro'),(129,'Hiroyuki Katô'),(130,'Dominique Loreau'),(131,'Justin Poage'),(132,'Talip Ertürk'),(133,'Pawl Bazile'),(134,'Durno Johnston'),(135,'Brian Large'),(136,'Bobby Williams'),(137,'Babu Sivan'),(138,'Tung-Yang Wu'),(139,'Shinji Ishihira'),(140,'Zeina Daccache'),(141,'Robert Richter'),(142,'Dean Lamont'),(143,'Juan Diego Ramirez'),(144,'Josef Fares'),(145,'Bernard Uzan'),(146,'Paul Ciani'),(147,'Patrick Meaney'),(148,'James Haggar'),(149,'Sebastien Loghman'),(150,'Glenn Ficarra'),(151,'Kazim Öz'),(152,'Peter Werner'),(153,'Pascal Rémy'),(154,'Hiroshi Shimizu'),(155,'Martin Turk'),(156,'Aydah El-Kashef'),(157,'Alan J.W. Bell'),(158,'Walter Morton'),(159,'Jordi Roca'),(160,'Alicia Ulrich'),(161,'Elmer Bowman'),(162,'Steve Roeder'),(163,'Ricardo Waddington'),(164,'Neil Patrick Harris'),(165,'Dale Bell'),(166,'Amie Williams'),(167,'Joseph C. Terry'),(168,'Rodrigo H. Vila');
/*!40000 ALTER TABLE `director` ENABLE KEYS */;
UNLOCK TABLES;

--
-- Table structure for table `genero`
--

DROP TABLE IF EXISTS `genero`;
/*!40101 SET @saved_cs_client     = @@character_set_client */;
/*!50503 SET character_set_client = utf8mb4 */;
CREATE TABLE `genero` (
  `idGenero` int NOT NULL AUTO_INCREMENT,
  `Nombre_Genero` varchar(45) CHARACTER SET utf8mb3 COLLATE utf8mb3_bin NOT NULL,
  PRIMARY KEY (`idGenero`)
) ENGINE=InnoDB AUTO_INCREMENT=25 DEFAULT CHARSET=utf8mb3 COLLATE=utf8mb3_bin;
/*!40101 SET character_set_client = @saved_cs_client */;

--
-- Dumping data for table `genero`
--

LOCK TABLES `genero` WRITE;
/*!40000 ALTER TABLE `genero` DISABLE KEYS */;
INSERT INTO `genero` VALUES (1,'Sci-Fi'),(2,'Short'),(3,'Biography'),(4,'Adventure'),(5,'Horror'),(6,'Animation'),(7,'Drama'),(8,'Fantasy'),(9,'History'),(10,'Comedy'),(11,'Talk-Show'),(12,'Music'),(13,'N/A'),(14,'Action'),(15,'Documentary'),(16,'News'),(17,'Reality-TV'),(18,'Crime'),(19,'Mystery'),(20,'Family'),(21,'Sport'),(22,'Thriller'),(23,'Romance'),(24,'Game-Show');
/*!40000 ALTER TABLE `genero` ENABLE KEYS */;
UNLOCK TABLES;

--
-- Table structure for table `listaactor`
--

DROP TABLE IF EXISTS `listaactor`;
/*!40101 SET @saved_cs_client     = @@character_set_client */;
/*!50503 SET character_set_client = utf8mb4 */;
CREATE TABLE `listaactor` (
  `idListaActor` int NOT NULL AUTO_INCREMENT,
  `User_id_User` int NOT NULL,
  `Actor_idActor` int NOT NULL,
  PRIMARY KEY (`idListaActor`),
  KEY `fk_ListaActor_User_idx` (`User_id_User`),
  KEY `fk_ListaActor_Actor1_idx` (`Actor_idActor`),
  CONSTRAINT `fk_ListaActor_Actor1` FOREIGN KEY (`Actor_idActor`) REFERENCES `actor` (`idActor`),
  CONSTRAINT `fk_ListaActor_User` FOREIGN KEY (`User_id_User`) REFERENCES `user` (`id_User`)
) ENGINE=InnoDB AUTO_INCREMENT=16 DEFAULT CHARSET=utf8mb3 COLLATE=utf8mb3_bin;
/*!40101 SET character_set_client = @saved_cs_client */;

--
-- Dumping data for table `listaactor`
--

LOCK TABLES `listaactor` WRITE;
/*!40000 ALTER TABLE `listaactor` DISABLE KEYS */;
INSERT INTO `listaactor` VALUES (1,16,603),(2,16,338),(3,16,429),(4,17,450),(5,17,340),(6,17,215),(7,18,329),(8,18,346),(9,18,352),(10,19,567),(11,19,262),(12,19,76),(13,20,376),(14,20,203),(15,20,73);
/*!40000 ALTER TABLE `listaactor` ENABLE KEYS */;
UNLOCK TABLES;

--
-- Table structure for table `listadirector`
--

DROP TABLE IF EXISTS `listadirector`;
/*!40101 SET @saved_cs_client     = @@character_set_client */;
/*!50503 SET character_set_client = utf8mb4 */;
CREATE TABLE `listadirector` (
  `idListaDirector` int NOT NULL AUTO_INCREMENT,
  `User_id_User` int NOT NULL,
  `Director_idDirector` int NOT NULL,
  PRIMARY KEY (`idListaDirector`),
  KEY `fk_ListaDirector_User1_idx` (`User_id_User`),
  KEY `fk_ListaDirector_Director1_idx` (`Director_idDirector`),
  CONSTRAINT `fk_ListaDirector_Director1` FOREIGN KEY (`Director_idDirector`) REFERENCES `director` (`idDirector`),
  CONSTRAINT `fk_ListaDirector_User1` FOREIGN KEY (`User_id_User`) REFERENCES `user` (`id_User`)
) ENGINE=InnoDB AUTO_INCREMENT=16 DEFAULT CHARSET=utf8mb3 COLLATE=utf8mb3_bin;
/*!40101 SET character_set_client = @saved_cs_client */;

--
-- Dumping data for table `listadirector`
--

LOCK TABLES `listadirector` WRITE;
/*!40000 ALTER TABLE `listadirector` DISABLE KEYS */;
INSERT INTO `listadirector` VALUES (1,16,105),(2,16,67),(3,16,129),(4,17,36),(5,17,101),(6,17,142),(7,18,117),(8,18,13),(9,18,118),(10,19,15),(11,19,68),(12,19,55),(13,20,142),(14,20,102),(15,20,70);
/*!40000 ALTER TABLE `listadirector` ENABLE KEYS */;
UNLOCK TABLES;

--
-- Table structure for table `listagenero`
--

DROP TABLE IF EXISTS `listagenero`;
/*!40101 SET @saved_cs_client     = @@character_set_client */;
/*!50503 SET character_set_client = utf8mb4 */;
CREATE TABLE `listagenero` (
  `idListaGenero` int NOT NULL AUTO_INCREMENT,
  `User_id_User` int NOT NULL,
  `Genero_idGenero` int NOT NULL,
  PRIMARY KEY (`idListaGenero`),
  KEY `fk_ListaGenero_User1_idx` (`User_id_User`),
  KEY `fk_ListaGenero_Genero1_idx` (`Genero_idGenero`),
  CONSTRAINT `fk_ListaGenero_Genero1` FOREIGN KEY (`Genero_idGenero`) REFERENCES `genero` (`idGenero`),
  CONSTRAINT `fk_ListaGenero_User1` FOREIGN KEY (`User_id_User`) REFERENCES `user` (`id_User`)
) ENGINE=InnoDB AUTO_INCREMENT=32 DEFAULT CHARSET=utf8mb3 COLLATE=utf8mb3_bin;
/*!40101 SET character_set_client = @saved_cs_client */;

--
-- Dumping data for table `listagenero`
--

LOCK TABLES `listagenero` WRITE;
/*!40000 ALTER TABLE `listagenero` DISABLE KEYS */;
INSERT INTO `listagenero` VALUES (17,16,1),(18,16,10),(19,16,15),(20,17,23),(21,17,5),(22,17,24),(23,18,10),(24,18,4),(25,18,6),(26,19,7),(27,19,10),(28,19,22),(29,20,11),(30,20,6),(31,20,22);
/*!40000 ALTER TABLE `listagenero` ENABLE KEYS */;
UNLOCK TABLES;

--
-- Table structure for table `pelicula`
--

DROP TABLE IF EXISTS `pelicula`;
/*!40101 SET @saved_cs_client     = @@character_set_client */;
/*!50503 SET character_set_client = utf8mb4 */;
CREATE TABLE `pelicula` (
  `idImdb` int NOT NULL AUTO_INCREMENT,
  `Titulo` varchar(255) COLLATE utf8mb3_bin NOT NULL,
  `IdApi` varchar(255) COLLATE utf8mb3_bin NOT NULL,
  `poster` varchar(255) COLLATE utf8mb3_bin NOT NULL,
  PRIMARY KEY (`idImdb`)
) ENGINE=InnoDB AUTO_INCREMENT=318 DEFAULT CHARSET=utf8mb3 COLLATE=utf8mb3_bin;
/*!40101 SET character_set_client = @saved_cs_client */;

--
-- Dumping data for table `pelicula`
--

LOCK TABLES `pelicula` WRITE;
/*!40000 ALTER TABLE `pelicula` DISABLE KEYS */;
INSERT INTO `pelicula` VALUES (1,'Grant Morrison: Talking with Gods','tt1570101','https://m.media-amazon.com/images/M/MV5BMTUzMTg3MzEyNF5BMl5BanBnXkFtZTcwODU2OTI4Nw@@._V1_SX300.jpg'),(2,'Living the American Nightmare','tt1570103','https://m.media-amazon.com/images/M/MV5BZmQ5YmFhMjEtNmZlZS00MzE0LWIwMDktYmFjMzM1OTJlOGYxXkEyXkFqcGdeQXVyNjM5Nzk0MjI@._V1_SX300.jpg'),(3,'Memphis Heat: The True Story of Memphis Wrasslin\'','tt1570104','https://m.media-amazon.com/images/M/MV5BMTMyODY2NzUzM15BMl5BanBnXkFtZTcwNjkzOTU5Mw@@._V1_SX300.jpg'),(4,'Episode dated 17 December 2009','tt1570110','https://m.media-amazon.com/images/M/MV5BYzZhMGE3Y2MtMmM3Yy00MmVkLThlNDEtNDQ5OTk5N2JkOTI0XkEyXkFqcGdeQXVyMjUyMTE3MTc@._V1_SX300.jpg'),(5,'Episode dated 3 October 1960','tt1570112','https://m.media-amazon.com/images/M/MV5BYWVmNDRiNWItODA4NC00MTFiLTg4ZGEtZGVjMWYzYmYyZWFlXkEyXkFqcGdeQXVyMjczMTgzNDQ@._V1_SX300.jpg'),(6,'Episode dated 7 October 1960','tt1570113','https://m.media-amazon.com/images/M/MV5BYWVmNDRiNWItODA4NC00MTFiLTg4ZGEtZGVjMWYzYmYyZWFlXkEyXkFqcGdeQXVyMjczMTgzNDQ@._V1_SX300.jpg'),(7,'Training Day','tt1570118','https://m.media-amazon.com/images/M/MV5BMzlmMTU0ODQtYWRkZi00YjdjLTliMzEtMjQ4YTg4ZTk4NjQxXkEyXkFqcGdeQXVyNjg0Nzk2Nzc@._V1_SX300.jpg'),(8,'Re-think','tt1570123','https://m.media-amazon.com/images/M/MV5BMTQwOTQzMDczM15BMl5BanBnXkFtZTYwNTIzMTg4._V1_SX300.jpg'),(9,'Sidecars','tt1570124','https://m.media-amazon.com/images/M/MV5BMGMzZTlmMzYtNDE2NC00MjllLTg3MjktOTUwNzEzZmY3NTI3XkEyXkFqcGdeQXVyMTYzMTY1MjQ@._V1_SX300.jpg'),(10,'Episode #1.135','tt1570126','https://m.media-amazon.com/images/M/MV5BYmM1ZGI4YjAtOGUxNi00ZWY1LTk4MmQtNGNiYmQwMjAxNDg3XkEyXkFqcGdeQXVyMTkzODUwNzk@._V1_SX300.jpg'),(11,'Episode #1.63','tt1570127','https://m.media-amazon.com/images/M/MV5BN2M4YWE4ZmUtNjExNy00MzVjLTg3Y2EtN2E4Yzk1YWQ4Y2I0XkEyXkFqcGdeQXVyMTkzODUwNzk@._V1_SX300.jpg'),(12,'Episode dated 21 November 2009','tt1570130','https://m.media-amazon.com/images/M/MV5BNjU5NWJlZDItZGQ2OS00ZWU0LWE1MzktM2MxMWZmZjM0MzU3XkEyXkFqcGdeQXVyMTM2Mzg4MA@@._V1_SX300.jpg'),(13,'Episode dated 28 November 2009','tt1570131','https://m.media-amazon.com/images/M/MV5BNjU5NWJlZDItZGQ2OS00ZWU0LWE1MzktM2MxMWZmZjM0MzU3XkEyXkFqcGdeQXVyMTM2Mzg4MA@@._V1_SX300.jpg'),(14,'Episode dated 5 December 2009','tt1570132','https://m.media-amazon.com/images/M/MV5BNjU5NWJlZDItZGQ2OS00ZWU0LWE1MzktM2MxMWZmZjM0MzU3XkEyXkFqcGdeQXVyMTM2Mzg4MA@@._V1_SX300.jpg'),(15,'Episode dated 12 December 2009','tt1570133','https://m.media-amazon.com/images/M/MV5BNjU5NWJlZDItZGQ2OS00ZWU0LWE1MzktM2MxMWZmZjM0MzU3XkEyXkFqcGdeQXVyMTM2Mzg4MA@@._V1_SX300.jpg'),(16,'Episode #1.10090','tt1570137','https://m.media-amazon.com/images/M/MV5BOTk1NDI4MjIwM15BMl5BanBnXkFtZTYwMTI4OTI2._V1_SX300.jpg'),(17,'Episode #8.8','tt1570140','https://m.media-amazon.com/images/M/MV5BNGRmYzk0NmYtYzI1Yy00MDZiLTgwZGUtMWY2YjhhMjBmYmM3XkEyXkFqcGdeQXVyNzE2MTQyMzM@._V1_SX300.jpg'),(18,'Episode #1.66','tt1570142','https://m.media-amazon.com/images/M/MV5BY2E4YmIxYmQtMzAwNy00ZjBiLWFjZjEtMDM1OGRjMDFjMjViXkEyXkFqcGdeQXVyNTQ3NzA0NTk@._V1_SX300.jpg'),(19,'Episode dated 2 January 2010','tt1570143','https://m.media-amazon.com/images/M/MV5BZDY0YzYxNTYtZmIyMC00ZjkxLWJkN2YtMWVmN2UyZjI5OTQyXkEyXkFqcGdeQXVyMDA4NzMyOA@@._V1_SX300.jpg'),(20,'Gary Feels Tom Slipping Away','tt1570146','https://m.media-amazon.com/images/M/MV5BMjEzMzM3MTg3Nl5BMl5BanBnXkFtZTgwODYzMzYyMjE@._V1_SX300.jpg'),(21,'Gary Has to Choose','tt1570147','https://m.media-amazon.com/images/M/MV5BOTI2OTg1MTcwOV5BMl5BanBnXkFtZTgwNzQyMzYyMjE@._V1_SX300.jpg'),(22,'Episode #1.2716','tt1570149','https://m.media-amazon.com/images/M/MV5BYThjZjhlNTYtODkzYS00NDYwLWFiM2YtZWQ1NTA3MzYxMTg3XkEyXkFqcGdeQXVyODU4NzI4NDI@._V1_SX300.jpg'),(23,'Episode #1.1778','tt1570150','https://m.media-amazon.com/images/M/MV5BMTc3NDg5NzM2MF5BMl5BanBnXkFtZTcwNzI1NDExOQ@@._V1_SX300.jpg'),(24,'Episode #1.1779','tt1570151','https://m.media-amazon.com/images/M/MV5BMTc3NDg5NzM2MF5BMl5BanBnXkFtZTcwNzI1NDExOQ@@._V1_SX300.jpg'),(25,'Episode #1.1780','tt1570152','https://m.media-amazon.com/images/M/MV5BMTc3NDg5NzM2MF5BMl5BanBnXkFtZTcwNzI1NDExOQ@@._V1_SX300.jpg'),(26,'Aunque sea lo último que haga','tt1570153','https://m.media-amazon.com/images/M/MV5BMTk1MTIxMzMyMl5BMl5BanBnXkFtZTcwODMxMzY2Ng@@._V1_SX300.jpg'),(27,'Girls vs. Suits','tt1570154','https://m.media-amazon.com/images/M/MV5BMTQ0NDYxNTk1NF5BMl5BanBnXkFtZTcwNTI0MzExMw@@._V1_SX300.jpg'),(28,'Jenkins','tt1570155','https://m.media-amazon.com/images/M/MV5BMTMxMDQwMTE3OF5BMl5BanBnXkFtZTcwNDIwNDMxMw@@._V1_SX300.jpg'),(29,'Episode #25.80','tt1570157','https://m.media-amazon.com/images/M/MV5BOTE0MjQzNTUyOV5BMl5BanBnXkFtZTcwNDgzMTIzMQ@@._V1_SX300.jpg'),(30,'Episode #25.165','tt1570158','https://m.media-amazon.com/images/M/MV5BOTE0MjQzNTUyOV5BMl5BanBnXkFtZTcwNDgzMTIzMQ@@._V1_SX300.jpg'),(31,'Episode #26.71','tt1570159','https://m.media-amazon.com/images/M/MV5BZjQyYjc1ZDYtNTVlMy00ZDYyLTlhMTgtY2NkNzM2YTI1YjUzXkEyXkFqcGdeQXVyNTU2NDQ3NjU@._V1_SX300.jpg'),(32,'Episode #1.13','tt1570164','https://m.media-amazon.com/images/M/MV5BN2E0YmZkZmUtMGY5Zi00ODQ3LWFjZWUtMTE5MDI4ODA3ODNkXkEyXkFqcGdeQXVyMTAwMTI1MDM@._V1_SX300.jpg'),(33,'Episode #1.2','tt1570165','https://m.media-amazon.com/images/M/MV5BOTc1MWMwMWEtZTFlNi00NTU0LTliOGMtZmNiMzBhMGU1YzczXkEyXkFqcGdeQXVyMTgzMzg3Mg@@._V1_SX300.jpg'),(34,'Episode #1.5','tt1570167','https://m.media-amazon.com/images/M/MV5BNDljY2M1ZDEtZTM5Ny00OWNiLWI0ZWEtNDlhOTIzMTUxNzFjXkEyXkFqcGdeQXVyMTgzMzg3Mg@@._V1_SX300.jpg'),(35,'Episode dated 31 January 2009','tt1570172','https://m.media-amazon.com/images/M/MV5BYjM2MzZmZDEtNzhhNy00NzI4LTk3NjMtZGMzZTc3NjQzZTJlXkEyXkFqcGdeQXVyOTM3MTA1NTk@._V1_SX300.jpg'),(36,'Episode dated 20 May 1999','tt1570173','https://m.media-amazon.com/images/M/MV5BYWVmMTEwNzctMTA1Yi00NzQ3LWIxNDctMTI1ZjVjNWY1NTNiXkEyXkFqcGdeQXVyODM5Mjc0MzA@._V1_SX300.jpg'),(37,'Episode #1.70','tt1570174','https://m.media-amazon.com/images/M/MV5BNmNkZWE3MWEtZmJiNy00ODdjLWIwYWEtNjU0OTNiY2ExYTUxXkEyXkFqcGdeQXVyMTM2Mzg4MA@@._V1_SX300.jpg'),(38,'Episode #14.74','tt1570175','https://m.media-amazon.com/images/M/MV5BMDhiYjU4MWYtMTFmZS00NWEzLTljN2ItYzFkYWM5ZDk5MjdkXkEyXkFqcGdeQXVyMjA5MjA2NTc@._V1_SX300.jpg'),(39,'Episode #6.15','tt1570176','https://m.media-amazon.com/images/M/MV5BMjAzYTI4ZmEtNzI3ZC00YWI3LWIxMTEtMWZjMzZkNGJkOTA5XkEyXkFqcGdeQXVyMTM1ODExNDQ@._V1_SX300.jpg'),(40,'2009/10: 19/12/09','tt1570177','https://m.media-amazon.com/images/M/MV5BY2UzZjY0YTUtMjBmZC00MWNjLTljZWYtZWM0MWQ3YTJmYWQ2XkEyXkFqcGdeQXVyMzU3MTc5OTE@._V1_SX300.jpg'),(41,'An Everlasting Love','tt1570178','https://m.media-amazon.com/images/M/MV5BMzM3Mzg0MDMxNV5BMl5BanBnXkFtZTgwNjQ5ODg0MjE@._V1_SX300.jpg'),(42,'Psych','tt1570179','https://m.media-amazon.com/images/M/MV5BMTY2NDUwMzg5N15BMl5BanBnXkFtZTgwNzQ5ODg0MjE@._V1_SX300.jpg'),(43,'Episode dated 18 December 2009','tt1570180','https://m.media-amazon.com/images/M/MV5BZjg5NjgyNTktYTE1NC00YjIyLTgzZGMtNDA1ZmFmNWU0Y2QxXkEyXkFqcGdeQXVyNzkyMDA5MTc@._V1_SX300.jpg'),(44,'Episode #1.1071','tt1570183','https://m.media-amazon.com/images/M/MV5BYjE2ZmU5YWMtOTg3NC00MDAzLThlNzYtZmJmZTVkYWI1OWEwXkEyXkFqcGdeQXVyNjYyNDMwOQ@@._V1_SX300.jpg'),(45,'Episode #1.400','tt1570184','https://m.media-amazon.com/images/M/MV5BNTc0MzRlMTktYTY3Yy00ZWI3LTk1YjctMTJhZjBhNWQzYTIxXkEyXkFqcGdeQXVyNjYyNDMwOQ@@._V1_SX300.jpg'),(46,'Episode #1.1072','tt1570185','https://m.media-amazon.com/images/M/MV5BMjE3ODUzOTM3M15BMl5BanBnXkFtZTcwMTk4MTYxMQ@@._V1_SX300.jpg'),(47,'Episode #1.1073','tt1570186','https://m.media-amazon.com/images/M/MV5BYjE2ZmU5YWMtOTg3NC00MDAzLThlNzYtZmJmZTVkYWI1OWEwXkEyXkFqcGdeQXVyNjYyNDMwOQ@@._V1_SX300.jpg'),(48,'Episode #1.1081','tt1570187','https://m.media-amazon.com/images/M/MV5BN2ZhY2MxMjktNjViOS00MDVlLTg3ZjAtMWU1N2E0ZThmMzVkXkEyXkFqcGdeQXVyNjYyNDMwOQ@@._V1_SX300.jpg'),(49,'Episode #1.1083','tt1570188','https://m.media-amazon.com/images/M/MV5BN2ZhY2MxMjktNjViOS00MDVlLTg3ZjAtMWU1N2E0ZThmMzVkXkEyXkFqcGdeQXVyNjYyNDMwOQ@@._V1_SX300.jpg'),(50,'Episode #1.1084','tt1570189','https://m.media-amazon.com/images/M/MV5BMjE3ODUzOTM3M15BMl5BanBnXkFtZTcwMTk4MTYxMQ@@._V1_SX300.jpg'),(51,'Episode #1.1106','tt1570190','https://m.media-amazon.com/images/M/MV5BMjE3ODUzOTM3M15BMl5BanBnXkFtZTcwMTk4MTYxMQ@@._V1_SX300.jpg'),(52,'Episode #1.1107','tt1570191','https://m.media-amazon.com/images/M/MV5BMjE3ODUzOTM3M15BMl5BanBnXkFtZTcwMTk4MTYxMQ@@._V1_SX300.jpg'),(53,'Episode #6.69','tt1570199','https://m.media-amazon.com/images/M/MV5BNTdhZGI0ODAtNTlmNC00ZWM1LThiZDgtZWZkMzQyMjUxYzhkXkEyXkFqcGdeQXVyNzM2Mzk4NzM@._V1_SX300.jpg'),(54,'Druhý pokus na lásku','tt1570202','https://m.media-amazon.com/images/M/MV5BZWIxZTI3MzgtZmZjOC00N2E5LWIwZDEtMGJkNzUzMzAwYTUwXkEyXkFqcGdeQXVyMjM5NTM1NjQ@._V1_SX300.jpg'),(55,'Cí je to díte?','tt1570203','https://m.media-amazon.com/images/M/MV5BZWIxZTI3MzgtZmZjOC00N2E5LWIwZDEtMGJkNzUzMzAwYTUwXkEyXkFqcGdeQXVyMjM5NTM1NjQ@._V1_SX300.jpg'),(56,'Episode #1.1251','tt1570205','https://m.media-amazon.com/images/M/MV5BNmUwZGI1MWYtNTA2Yi00NzkyLWFjZDUtOWE3MjY3NjdlZDE2XkEyXkFqcGdeQXVyMjg0Mjg1MDM@._V1_SX300.jpg'),(57,'Grand Final 2009: Part Two','tt1570206','https://m.media-amazon.com/images/M/MV5BYmU5MTFmYjYtOTQ1OS00NWRmLWJiYjgtYzJkMGZlM2VkYzQyXkEyXkFqcGdeQXVyNjg0NTcxMTg@._V1_SX300.jpg'),(58,'Episode #1.129','tt1570207','https://m.media-amazon.com/images/M/MV5BYjQyNmEyZmYtZTIzMy00ZThhLWFiNDEtNmJlNTU5OWMyNzZkXkEyXkFqcGdeQXVyNTM3MDMyMDQ@._V1_SX300.jpg'),(59,'Episode #1.130','tt1570208','https://m.media-amazon.com/images/M/MV5BYjQyNmEyZmYtZTIzMy00ZThhLWFiNDEtNmJlNTU5OWMyNzZkXkEyXkFqcGdeQXVyNTM3MDMyMDQ@._V1_SX300.jpg'),(60,'Episode #1.131','tt1570209','https://m.media-amazon.com/images/M/MV5BYjQyNmEyZmYtZTIzMy00ZThhLWFiNDEtNmJlNTU5OWMyNzZkXkEyXkFqcGdeQXVyNTM3MDMyMDQ@._V1_SX300.jpg'),(61,'Episode #1.132','tt1570210','https://m.media-amazon.com/images/M/MV5BYjQyNmEyZmYtZTIzMy00ZThhLWFiNDEtNmJlNTU5OWMyNzZkXkEyXkFqcGdeQXVyNTM3MDMyMDQ@._V1_SX300.jpg'),(62,'Episode #1.215','tt1570212','https://m.media-amazon.com/images/M/MV5BYjQyNmEyZmYtZTIzMy00ZThhLWFiNDEtNmJlNTU5OWMyNzZkXkEyXkFqcGdeQXVyNTM3MDMyMDQ@._V1_SX300.jpg'),(63,'Episode #1.216','tt1570213','https://m.media-amazon.com/images/M/MV5BYjQyNmEyZmYtZTIzMy00ZThhLWFiNDEtNmJlNTU5OWMyNzZkXkEyXkFqcGdeQXVyNTM3MDMyMDQ@._V1_SX300.jpg'),(64,'Episode #1.256','tt1570216','https://m.media-amazon.com/images/M/MV5BYjQyNmEyZmYtZTIzMy00ZThhLWFiNDEtNmJlNTU5OWMyNzZkXkEyXkFqcGdeQXVyNTM3MDMyMDQ@._V1_SX300.jpg'),(65,'Episode #2.27','tt1570220','https://m.media-amazon.com/images/M/MV5BYjQyNmEyZmYtZTIzMy00ZThhLWFiNDEtNmJlNTU5OWMyNzZkXkEyXkFqcGdeQXVyNTM3MDMyMDQ@._V1_SX300.jpg'),(66,'Episode #2.28','tt1570221','https://m.media-amazon.com/images/M/MV5BYjQyNmEyZmYtZTIzMy00ZThhLWFiNDEtNmJlNTU5OWMyNzZkXkEyXkFqcGdeQXVyNTM3MDMyMDQ@._V1_SX300.jpg'),(67,'Episode #2.29','tt1570222','https://m.media-amazon.com/images/M/MV5BYjQyNmEyZmYtZTIzMy00ZThhLWFiNDEtNmJlNTU5OWMyNzZkXkEyXkFqcGdeQXVyNTM3MDMyMDQ@._V1_SX300.jpg'),(68,'Episode #2.30','tt1570223','https://m.media-amazon.com/images/M/MV5BYjQyNmEyZmYtZTIzMy00ZThhLWFiNDEtNmJlNTU5OWMyNzZkXkEyXkFqcGdeQXVyNTM3MDMyMDQ@._V1_SX300.jpg'),(69,'Episode #2.52','tt1570229','https://m.media-amazon.com/images/M/MV5BYjQyNmEyZmYtZTIzMy00ZThhLWFiNDEtNmJlNTU5OWMyNzZkXkEyXkFqcGdeQXVyNTM3MDMyMDQ@._V1_SX300.jpg'),(70,'Episode dated 5 February 1986','tt1570233','https://m.media-amazon.com/images/M/MV5BNzA3OGMyYTAtMzQ0Yy00YWE3LWIzMTAtZTE0ZWY1M2YzMDkwXkEyXkFqcGdeQXVyNjI3Nzc0MjE@._V1_SX300.jpg'),(71,'Episode #2.98','tt1570235','https://m.media-amazon.com/images/M/MV5BYjQyNmEyZmYtZTIzMy00ZThhLWFiNDEtNmJlNTU5OWMyNzZkXkEyXkFqcGdeQXVyNTM3MDMyMDQ@._V1_SX300.jpg'),(72,'Episode #2.145','tt1570237','https://m.media-amazon.com/images/M/MV5BYjQyNmEyZmYtZTIzMy00ZThhLWFiNDEtNmJlNTU5OWMyNzZkXkEyXkFqcGdeQXVyNTM3MDMyMDQ@._V1_SX300.jpg'),(73,'Episode #2.155','tt1570241','https://m.media-amazon.com/images/M/MV5BYjQyNmEyZmYtZTIzMy00ZThhLWFiNDEtNmJlNTU5OWMyNzZkXkEyXkFqcGdeQXVyNTM3MDMyMDQ@._V1_SX300.jpg'),(74,'Episode #2.205','tt1570250','https://m.media-amazon.com/images/M/MV5BYjQyNmEyZmYtZTIzMy00ZThhLWFiNDEtNmJlNTU5OWMyNzZkXkEyXkFqcGdeQXVyNTM3MDMyMDQ@._V1_SX300.jpg'),(75,'Episode #2.216','tt1570254','https://m.media-amazon.com/images/M/MV5BYjQyNmEyZmYtZTIzMy00ZThhLWFiNDEtNmJlNTU5OWMyNzZkXkEyXkFqcGdeQXVyNTM3MDMyMDQ@._V1_SX300.jpg'),(76,'Episode #2.218','tt1570255','https://m.media-amazon.com/images/M/MV5BYjQyNmEyZmYtZTIzMy00ZThhLWFiNDEtNmJlNTU5OWMyNzZkXkEyXkFqcGdeQXVyNTM3MDMyMDQ@._V1_SX300.jpg'),(77,'Episode #2.219','tt1570256','https://m.media-amazon.com/images/M/MV5BYjQyNmEyZmYtZTIzMy00ZThhLWFiNDEtNmJlNTU5OWMyNzZkXkEyXkFqcGdeQXVyNTM3MDMyMDQ@._V1_SX300.jpg'),(78,'Episode #2.220','tt1570257','https://m.media-amazon.com/images/M/MV5BYjQyNmEyZmYtZTIzMy00ZThhLWFiNDEtNmJlNTU5OWMyNzZkXkEyXkFqcGdeQXVyNTM3MDMyMDQ@._V1_SX300.jpg'),(79,'Episode #2.234','tt1570260','https://m.media-amazon.com/images/M/MV5BYjQyNmEyZmYtZTIzMy00ZThhLWFiNDEtNmJlNTU5OWMyNzZkXkEyXkFqcGdeQXVyNTM3MDMyMDQ@._V1_SX300.jpg'),(80,'Episode #2.236','tt1570262','https://m.media-amazon.com/images/M/MV5BYjQyNmEyZmYtZTIzMy00ZThhLWFiNDEtNmJlNTU5OWMyNzZkXkEyXkFqcGdeQXVyNTM3MDMyMDQ@._V1_SX300.jpg'),(81,'Episode #2.243','tt1570263','https://m.media-amazon.com/images/M/MV5BYjQyNmEyZmYtZTIzMy00ZThhLWFiNDEtNmJlNTU5OWMyNzZkXkEyXkFqcGdeQXVyNTM3MDMyMDQ@._V1_SX300.jpg'),(82,'Episode #2.244','tt1570264','https://m.media-amazon.com/images/M/MV5BYjQyNmEyZmYtZTIzMy00ZThhLWFiNDEtNmJlNTU5OWMyNzZkXkEyXkFqcGdeQXVyNTM3MDMyMDQ@._V1_SX300.jpg'),(83,'Episode #2.246','tt1570266','https://m.media-amazon.com/images/M/MV5BYjQyNmEyZmYtZTIzMy00ZThhLWFiNDEtNmJlNTU5OWMyNzZkXkEyXkFqcGdeQXVyNTM3MDMyMDQ@._V1_SX300.jpg'),(84,'Episode #3.160','tt1570278','https://m.media-amazon.com/images/M/MV5BYjQyNmEyZmYtZTIzMy00ZThhLWFiNDEtNmJlNTU5OWMyNzZkXkEyXkFqcGdeQXVyNTM3MDMyMDQ@._V1_SX300.jpg'),(85,'Episode #3.247','tt1570286','https://m.media-amazon.com/images/M/MV5BYjQyNmEyZmYtZTIzMy00ZThhLWFiNDEtNmJlNTU5OWMyNzZkXkEyXkFqcGdeQXVyNTM3MDMyMDQ@._V1_SX300.jpg'),(86,'Episode #3.248','tt1570287','https://m.media-amazon.com/images/M/MV5BYjQyNmEyZmYtZTIzMy00ZThhLWFiNDEtNmJlNTU5OWMyNzZkXkEyXkFqcGdeQXVyNTM3MDMyMDQ@._V1_SX300.jpg'),(87,'Episode #4.7','tt1570291','https://m.media-amazon.com/images/M/MV5BYjQyNmEyZmYtZTIzMy00ZThhLWFiNDEtNmJlNTU5OWMyNzZkXkEyXkFqcGdeQXVyNTM3MDMyMDQ@._V1_SX300.jpg'),(88,'Episode #4.10','tt1570294','https://m.media-amazon.com/images/M/MV5BYjQyNmEyZmYtZTIzMy00ZThhLWFiNDEtNmJlNTU5OWMyNzZkXkEyXkFqcGdeQXVyNTM3MDMyMDQ@._V1_SX300.jpg'),(89,'Episode #4.134','tt1570296','https://m.media-amazon.com/images/M/MV5BYjQyNmEyZmYtZTIzMy00ZThhLWFiNDEtNmJlNTU5OWMyNzZkXkEyXkFqcGdeQXVyNTM3MDMyMDQ@._V1_SX300.jpg'),(90,'Episode #4.135','tt1570297','https://m.media-amazon.com/images/M/MV5BYjQyNmEyZmYtZTIzMy00ZThhLWFiNDEtNmJlNTU5OWMyNzZkXkEyXkFqcGdeQXVyNTM3MDMyMDQ@._V1_SX300.jpg'),(91,'Episode #4.151','tt1570302','https://m.media-amazon.com/images/M/MV5BYjQyNmEyZmYtZTIzMy00ZThhLWFiNDEtNmJlNTU5OWMyNzZkXkEyXkFqcGdeQXVyNTM3MDMyMDQ@._V1_SX300.jpg'),(92,'Slay Everyone, Trust No One','tt1570309','https://m.media-amazon.com/images/M/MV5BMjA5NTMxODU4MF5BMl5BanBnXkFtZTcwODg3MTgxMw@@._V1_SX300.jpg'),(93,'The Bozeman Reaction','tt1570312','https://m.media-amazon.com/images/M/MV5BMTU0MjA5MzQzMl5BMl5BanBnXkFtZTcwNzIwNDMxMw@@._V1_SX300.jpg'),(94,'Ronnie Meets Sabrina','tt1570314','https://m.media-amazon.com/images/M/MV5BMjE3MDQyNDM0MV5BMl5BanBnXkFtZTcwMTY3OTQ1MQ@@._V1_SX300.jpg'),(95,'Painkiller','tt1570315','https://m.media-amazon.com/images/M/MV5BMTgxNzkwMDY5MV5BMl5BanBnXkFtZTcwODE1NTExMw@@._V1_SX300.jpg'),(96,'Episode #38.67','tt1570317','https://m.media-amazon.com/images/M/MV5BMTkyOTE1NzgzOV5BMl5BanBnXkFtZTcwMDgwOTM1MQ@@._V1_SX300.jpg'),(97,'Elijah Wood/Derek Fisher/Dwayne Perkins','tt1570321','https://m.media-amazon.com/images/M/MV5BZTJlMDUzN2MtYjYyOC00MThiLThiMmQtNTgxNDg0ZTYyYmMwXkEyXkFqcGdeQXVyMTI4ODc2NDY@._V1_SX300.jpg'),(98,'Episode #1.9298','tt1570322','https://m.media-amazon.com/images/M/MV5BYjcwN2M5YmQtYjhkNy00Mzg5LWJiYmEtZWE0OTY1NWRlYWNhXkEyXkFqcGdeQXVyODMyMDQwNjI@._V1_SX300.jpg'),(99,'Episode dated 21 December 2009','tt1570325','https://m.media-amazon.com/images/M/MV5BMTQ4MjkxNDQ1NF5BMl5BanBnXkFtZTcwOTg3NjcwNQ@@._V1_SX300.jpg'),(100,'Fart Jokes, Pie and Celeste','tt1570326','https://m.media-amazon.com/images/M/MV5BMTY2OTk4NTc0N15BMl5BanBnXkFtZTcwMTM0MzExMw@@._V1_SX300.jpg'),(101,'Yay, No Polyps','tt1570327','https://m.media-amazon.com/images/M/MV5BMTQ0MTk0NDcwOF5BMl5BanBnXkFtZTgwMTc2MDg3MjE@._V1_SX300.jpg'),(102,'Waste Management','tt1570328','https://m.media-amazon.com/images/M/MV5BMTQ0NzczMjExNV5BMl5BanBnXkFtZTgwOTc0NjczMjE@._V1_SX300.jpg'),(103,'Episode #8.66','tt1570331','https://m.media-amazon.com/images/M/MV5BZWRlZjgzMGYtODNkMC00MDkxLTg1ZTEtNTY2MzQyZWNlMmUxXkEyXkFqcGdeQXVyODg3NDc1OTE@._V1_SX300.jpg'),(104,'Episode #8.67','tt1570332','https://m.media-amazon.com/images/M/MV5BMTQ0NTUwOTc3N15BMl5BanBnXkFtZTcwNTg5NDMzOA@@._V1_SX300.jpg'),(105,'Episode #8.68','tt1570333','https://m.media-amazon.com/images/M/MV5BMTQ0NTUwOTc3N15BMl5BanBnXkFtZTcwNTg5NDMzOA@@._V1_SX300.jpg'),(106,'Episode #8.69','tt1570334','https://m.media-amazon.com/images/M/MV5BMTQ0NTUwOTc3N15BMl5BanBnXkFtZTcwNTg5NDMzOA@@._V1_SX300.jpg'),(107,'Episode #8.70','tt1570335','https://m.media-amazon.com/images/M/MV5BMTQ0NTUwOTc3N15BMl5BanBnXkFtZTcwNTg5NDMzOA@@._V1_SX300.jpg'),(108,'Macbeth','tt1570337','https://m.media-amazon.com/images/M/MV5BYmY1OTMyNjAtZWQyNi00Y2JkLTg1YmYtZjU3NDFlN2ZmMzdhXkEyXkFqcGdeQXVyNTM3MDMyMDQ@._V1_SX300.jpg'),(109,'The Crab','tt1570340','https://m.media-amazon.com/images/M/MV5BMTk5NzQ4ODUxMV5BMl5BanBnXkFtZTcwMzc4MTMyNw@@._V1_SX300.jpg'),(110,'Bu Kalp Seni Unutur Mu?','tt1570343','https://m.media-amazon.com/images/M/MV5BNjAyOWEyOWYtNTVmNy00OTI4LWIzZWItYjA5ODFhMjcyNmJjXkEyXkFqcGdeQXVyNDA0NjY3Mzc@._V1_SX300.jpg'),(111,'Ex Libris','tt1570344','https://m.media-amazon.com/images/M/MV5BNmU1ODYzNmUtMTViMC00MGFkLWI4NjktZTU1YmQzZGE2MDk1XkEyXkFqcGdeQXVyNzI4MDMyMTU@._V1_SX300.jpg'),(112,'Penelope K, by the Way','tt1570347','https://m.media-amazon.com/images/M/MV5BMTMxNjE1ODI5OV5BMl5BanBnXkFtZTcwMTg0MDIyNQ@@._V1_SX300.jpg'),(113,'Christmas Dreams','tt1570352','https://m.media-amazon.com/images/M/MV5BZTJhNzhkNTAtZDg3Ny00Yjk4LTkyZTItYWIyYmI0MTg3YTIwXkEyXkFqcGdeQXVyNjA2MzA2MzQ@._V1_SX300.jpg'),(114,'Climax','tt1570353','https://m.media-amazon.com/images/M/MV5BY2QzOGJiYTItODJiYy00YWU5LWFjMjYtNjdkZjlhODc3MzJlXkEyXkFqcGdeQXVyODIxNzY2MA@@._V1_SX300.jpg'),(115,'Commitment','tt1570354','https://m.media-amazon.com/images/M/MV5BODIxNjQ0NDktNjkwNS00MjNiLWFjNWMtMzM0MWRhMTZmNGJhXkEyXkFqcGdeQXVyOTE4MjI1NDU@._V1_SX300.jpg'),(116,'Game of the Year','tt1570357','https://m.media-amazon.com/images/M/MV5BNjY2NTJjNjUtMTg5Ni00NTIyLWI4ZGYtOWI0ODUwYzg0YThlXkEyXkFqcGdeQXVyNDUxNjc5NjY@._V1_SX300.jpg'),(117,'Linus Pauling, Crusading Scientist','tt1570360','https://m.media-amazon.com/images/M/MV5BMTcyOTQzMzIxOF5BMl5BanBnXkFtZTgwNzUzNDA2MDE@._V1_SX300.jpg'),(118,'Oskar, Oskar','tt1570364','https://m.media-amazon.com/images/M/MV5BZjViYTMxYjgtNWVjZS00ZGNmLTgxZTQtMTcyY2E1M2VkY2VmXkEyXkFqcGdeQXVyMTQzMjU1NjE@._V1_SX300.jpg'),(119,'She-Rex','tt1570367','https://m.media-amazon.com/images/M/MV5BMTg0OTgzNTg3Nl5BMl5BanBnXkFtZTgwNTUzNDA2MDE@._V1_SX300.jpg'),(120,'Showbiz Goes to War','tt1570368','https://m.media-amazon.com/images/M/MV5BZDBkZDE0MmQtMDg0Mi00NTg1LWE1M2QtZjM1OWUwNjE3MDM1XkEyXkFqcGdeQXVyMzU0NzkwMDg@._V1_SX300.jpg'),(121,'Sin memoria','tt1570369','https://m.media-amazon.com/images/M/MV5BYTY2ZmUyY2YtMjdmYy00ZjFjLTgyYTgtODkzMmVlNTZhMzliXkEyXkFqcGdeQXVyMTk4MDgwNA@@._V1_SX300.jpg'),(122,'What Price Clean Air?','tt1570372','https://ia.media-imdb.com/images/M/MV5BMTc4NDIwMjE2M15BMl5BanBnXkFtZTgwNjUzNDA2MDE@._V1_SX300.jpg'),(123,'Botineras','tt1570374','https://m.media-amazon.com/images/M/MV5BMGUzZmMwZDktMzU1OC00NjNmLWFmNWQtMzJkMDIwM2EzMTQ4XkEyXkFqcGdeQXVyMTcxNTYyMjM@._V1_SX300.jpg'),(124,'Bizarre Dinosaurs','tt1570382','https://m.media-amazon.com/images/M/MV5BMTJiZjZkOGUtYTYxMy00NTNjLTlmODUtOTgxZWExNmQ1NDU4XkEyXkFqcGdeQXVyNzM0MjgxMDk@._V1_SX300.jpg'),(125,'Mercedes Sosa: Cantora, an Intimate Journey','tt1570383','https://m.media-amazon.com/images/M/MV5BMTg0MjUxMTMzOF5BMl5BanBnXkFtZTgwNTc5NjQxMDE@._V1_SX300.jpg'),(126,'Frit fald','tt1570387','https://m.media-amazon.com/images/M/MV5BZTlmM2YxMGMtOGZlYi00NTQxLWFlYzktZmVhM2VhOTI3NGEyXkEyXkFqcGdeQXVyMTMxMTY0OTQ@._V1_SX300.jpg'),(127,'Endstation','tt1570389','https://m.media-amazon.com/images/M/MV5BNmFjZmU5Y2YtNDc2ZS00OTc1LTgxZmEtZTZmOTIwN2M1ZjQwXkEyXkFqcGdeQXVyMDY4MzkyNw@@._V1_SX300.jpg'),(128,'Le saut dans la vie','tt1570395','https://m.media-amazon.com/images/M/MV5BNTA0MDcwYTQtMDdiMS00MjQwLTgwZDYtY2M0MGVlZmNhZWFlXkEyXkFqcGdeQXVyNzI4MDMyMTU@._V1_SX300.jpg'),(129,'Les beaux dimanches - spécial incognito','tt1570396','https://m.media-amazon.com/images/M/MV5BZTFlZDE2ODMtMmI2ZS00MjkwLTg3ODMtOWM3YTk5M2Y3OGM1XkEyXkFqcGdeQXVyNTA1NDY3NzY@._V1_SX300.jpg'),(130,'Mi shi','tt1570397','https://m.media-amazon.com/images/M/MV5BOTI4MzBhMjAtNzY4MS00MWUzLTg2NzYtMWU3MDcxMGI4Mzc0XkEyXkFqcGdeQXVyNzc5MjA3OA@@._V1_SX300.jpg'),(131,'The Swineherd','tt1570404','https://m.media-amazon.com/images/M/MV5BMDJhNGY2OGYtOTQzNi00Zjc3LWE1ZDktNThmY2M4NzJkZjk2XkEyXkFqcGdeQXVyNTM3MDMyMDQ@._V1_SX300.jpg'),(132,'Wings: A Tale of Two Chickens','tt1570406','https://m.media-amazon.com/images/M/MV5BNmVhODI5N2YtMjdmNy00YTA0LWIzMWEtM2Q5NDY2OTZkNDA2XkEyXkFqcGdeQXVyNTM3MDMyMDQ@._V1_SX300.jpg'),(133,'Fratelli Benvenuti','tt1570408','https://m.media-amazon.com/images/M/MV5BYTMxNmU4ZWEtMDJmOS00YjRkLWIwZTEtZjhjZTFlM2UyODRlXkEyXkFqcGdeQXVyNjY1OTY4MTk@._V1_SX300.jpg'),(134,'A Cry for Madiom: On Going Genocide in the Sudan','tt1570409','https://m.media-amazon.com/images/M/MV5BZTZlOTliZjAtYjQ1Ni00ZjA1LWEwOTYtZmNhNDRlNTdkYTdhXkEyXkFqcGdeQXVyMTg3NzE0NjI@._V1_SX300.jpg'),(135,'A Match Made in Heaven','tt1570413','https://m.media-amazon.com/images/M/MV5BMTM2MDY4NzE1Ml5BMl5BanBnXkFtZTcwOTYwODc2OA@@._V1_SX300.jpg'),(136,'A Sore Masque','tt1570415','https://m.media-amazon.com/images/M/MV5BMjEyNDYzMzYzMl5BMl5BanBnXkFtZTgwNTgwMDczMTE@._V1_SX300.jpg'),(137,'A Valentine\'s Day Massacre','tt1570416','https://m.media-amazon.com/images/M/MV5BMTgxMTU4OTU3OV5BMl5BanBnXkFtZTcwMjIxMzY1Nw@@._V1_SX300.jpg'),(138,'Accident on Hill Road','tt1570417','https://m.media-amazon.com/images/M/MV5BZjI3NDQ1YzMtNzg3Ni00Njk0LThiZDgtNDAwMWY3YjFiNDUzXkEyXkFqcGdeQXVyNjQ2MjQ5NzM@._V1_SX300.jpg'),(139,'All Roads Lead Home','tt1570425','https://m.media-amazon.com/images/M/MV5BNDI0NzQ5MjUyOV5BMl5BanBnXkFtZTcwMDYzMDUxMw@@._V1_SX300.jpg'),(140,'Amasan: Women of the Sea','tt1570428','https://m.media-amazon.com/images/M/MV5BMjI0NDczNzc3M15BMl5BanBnXkFtZTgwODg0OTI5NDE@._V1_SX300.jpg'),(141,'Back to Life','tt1570436','https://m.media-amazon.com/images/M/MV5BN2Y4OTcyY2EtODBmOS00MTBhLWJkYmYtNjZiOWRjZWNkNWMzXkEyXkFqcGdeQXVyMTk5NjI5NjE@._V1_SX300.jpg'),(142,'Best Laid Schemes','tt1570441','https://m.media-amazon.com/images/M/MV5BMTQ1MzkxMzIzNF5BMl5BanBnXkFtZTcwNDc5MjAxMw@@._V1_SX300.jpg'),(143,'Bits and Pieces','tt1570445','https://m.media-amazon.com/images/M/MV5BZDdiMTliYzQtYjQ0My00ZjRkLTg4YWYtODlhMzM3MmNjY2ExXkEyXkFqcGdeQXVyNDUxNjc5NjY@._V1_SX300.jpg'),(144,'Blindsided','tt1570447','https://m.media-amazon.com/images/M/MV5BMTQ1ODQ3NTM4NF5BMl5BanBnXkFtZTcwODYxMDExMw@@._V1_SX300.jpg'),(145,'Campus Cops','tt1570457','https://m.media-amazon.com/images/M/MV5BMTk3MTMyNjI1NF5BMl5BanBnXkFtZTcwMDIzODAxMw@@._V1_SX300.jpg'),(146,'Cantor Dust Man','tt1570459','https://m.media-amazon.com/images/M/MV5BNmM1MDExZmQtZGM1Mi00MjQ1LWFmZmEtOTc4MWUxZmNkZmRhXkEyXkFqcGdeQXVyMjAwNzQwMTU@._V1_SX300.jpg'),(147,'Capturing the Light','tt1570460','https://m.media-amazon.com/images/M/MV5BNDkyNDAyNTM4N15BMl5BanBnXkFtZTcwMTg3OTIxMw@@._V1_SX300.jpg'),(148,'Case: 2233-04','tt1570461','https://m.media-amazon.com/images/M/MV5BMTcyODg5NjA3NF5BMl5BanBnXkFtZTcwMDY4MDIxMw@@._V1_SX300.jpg'),(149,'Catafalque','tt1570462','https://m.media-amazon.com/images/M/MV5BNzgzMzY5ODc2Nl5BMl5BanBnXkFtZTgwNzU5MTg5NzE@._V1_SX300.jpg'),(150,'Chargé','tt1570465','https://m.media-amazon.com/images/M/MV5BOWI4MGEyNDAtNDcwYi00YmU0LWJkMDMtMmNmNWY3MGU0MDE5XkEyXkFqcGdeQXVyNTAwNDAyMDU@._V1_SX300.jpg'),(151,'Chico\'s Angels: 24ish','tt1570467','https://m.media-amazon.com/images/M/MV5BMjA3MjUzODY4Ml5BMl5BanBnXkFtZTgwODQwMTAyMTE@._V1_SX300.jpg'),(152,'Chop!','tt1570469','https://m.media-amazon.com/images/M/MV5BMjA1NzAyMzc1OV5BMl5BanBnXkFtZTcwNDczNjUxMw@@._V1_SX300.jpg'),(153,'D\'ici à la','tt1570480','https://m.media-amazon.com/images/M/MV5BNGM3YzlmNjYtZDJmOC00Y2Q2LTljM2YtMTI0NTgxZTA4MGZkXkEyXkFqcGdeQXVyNTM3MDMyMDQ@._V1_SX300.jpg'),(154,'Dear Willie','tt1570483','https://m.media-amazon.com/images/M/MV5BMTkzMzgxOTUwNV5BMl5BanBnXkFtZTcwNzcxNjQ0Mw@@._V1_SX300.jpg'),(155,'Devolution','tt1570486','https://m.media-amazon.com/images/M/MV5BMTM3NTY5MDAwNF5BMl5BanBnXkFtZTcwNDExMzgwMw@@._V1_SX300.jpg'),(156,'Drowning','tt1570493','https://m.media-amazon.com/images/M/MV5BZDZmMmY4M2YtMDVmYS00YmJiLWEzNzktZDViMDUyYjUxOTQ1XkEyXkFqcGdeQXVyNTM1MzI1MA@@._V1_SX300.jpg'),(157,'Express TakeOut','tt1570500','https://m.media-amazon.com/images/M/MV5BZGQyNjk4YmUtZTgzMy00ZTZkLWJmZDgtOTIwYTg2OTViYzlkXkEyXkFqcGdeQXVyMjQwMTczNzc@._V1_SX300.jpg'),(158,'3, 2, 1 Ant1','tt1570503','https://m.media-amazon.com/images/M/MV5BOTI0MDE5ZGEtODY4NC00MzQ0LTk5ZjItZDI3ODY2N2MyZTI1XkEyXkFqcGdeQXVyMTEyMDcwNw@@._V1_SX300.jpg'),(159,'Bergheimat','tt1570505','https://m.media-amazon.com/images/M/MV5BZDA4NjExNDQtMTg2Yy00M2NkLWFjMjctMWVmZjU1NzhiYWVlXkEyXkFqcGdeQXVyNDc1NTk1MzE@._V1_SX300.jpg'),(160,'Brivido giallo','tt1570506','https://m.media-amazon.com/images/M/MV5BMThmMmNhZTktMzc4Zi00MTc3LWE4ZjMtMTFiNDY5Y2NiMzA1XkEyXkFqcGdeQXVyMTQxNzMzNDI@._V1_SX300.jpg'),(161,'Casa di macaroni','tt1570507','https://m.media-amazon.com/images/M/MV5BZmM0YWYyODQtNDE0ZS00YTUyLWE5MTAtMGYyMGE5YmQyODRlXkEyXkFqcGdeQXVyMTEyMDcwNw@@._V1_SX300.jpg'),(162,'Die lieben Mitmenschen','tt1570508','https://m.media-amazon.com/images/M/MV5BZDRkOTU5NmMtY2Y4MC00NGUwLWE3YjAtYjM5Yjk5NTdkN2YyXkEyXkFqcGdeQXVyNTM3MDMyMDQ@._V1_SX300.jpg'),(163,'La Riera','tt1570512','https://m.media-amazon.com/images/M/MV5BNDlmNGZhOWItMDA0My00NWJlLThmYzEtN2U3ZWUyYzFmZWYzXkEyXkFqcGdeQXVyMTA0MjU0Ng@@._V1_SX300.jpg'),(164,'Miitta-täti','tt1570515','https://m.media-amazon.com/images/M/MV5BM2IzNTcxNmUtMjc3MC00MjYxLWE4NGItMjZmNWNhNGNlMjZmXkEyXkFqcGdeQXVyNTQ5MTA1OTQ@._V1_SX300.jpg'),(165,'Flesh and Blood','tt1570516','https://m.media-amazon.com/images/M/MV5BMTQ3NjA4NDAyOV5BMl5BanBnXkFtZTcwNDI1NTExMw@@._V1_SX300.jpg'),(166,'12 Angry Lebanese: The Documentary','tt1570519','https://m.media-amazon.com/images/M/MV5BMjAzMjQxMDg3MF5BMl5BanBnXkFtZTcwMTc2OTMxNQ@@._V1_SX300.jpg'),(167,'A Race with Death','tt1570531','https://m.media-amazon.com/images/M/MV5BODgxYzNjZDgtMjRlYS00YzFiLWEyZWMtYWZlNTZlYWJlOTA5XkEyXkFqcGdeQXVyMDUyOTUyNQ@@._V1_SX300.jpg'),(168,'Ada: Zombilerin Dügünü','tt1570538','https://m.media-amazon.com/images/M/MV5BODRmMjhmZGQtODAzOS00ZjVlLThkMWItNDViZTdiOGNlYTVmXkEyXkFqcGdeQXVyNTM3NzExMDQ@._V1_SX300.jpg'),(169,'Foreign Investigations','tt1570540','https://m.media-amazon.com/images/M/MV5BOWM2YzdkYWQtZDllMi00OTk2LTlhYmMtZTg5NDA1ZGFjNzhmXkEyXkFqcGdeQXVyMzE2ODIxNA@@._V1_SX300.jpg'),(170,'Bandhobi','tt1570551','https://m.media-amazon.com/images/M/MV5BMjdkNWExYTQtODY5NS00MzQxLTkzZmItYjIzYTgyYTBiMDQzXkEyXkFqcGdeQXVyNDI3NjcxMDA@._V1_SX300.jpg'),(171,'Bip... bip... bip... Ici Paris','tt1570556','https://m.media-amazon.com/images/M/MV5BZWI5NTg0ZmItNzdkYS00OGQ1LTkxNmItOTdlZGZmYTk1ODU1XkEyXkFqcGdeQXVyNzI4MDMyMTU@._V1_SX300.jpg'),(172,'Burning Man','tt1570559','https://m.media-amazon.com/images/M/MV5BOTM5MzMzODY3OF5BMl5BanBnXkFtZTcwMDI4MDk4Ng@@._V1_SX300.jpg'),(173,'Achrey Hasof','tt1570564','https://m.media-amazon.com/images/M/MV5BNGRjNGYwMDYtOWU2Yi00MDBkLTljZTUtMmEzZTJjMWUyOTZhL2ltYWdlXkEyXkFqcGdeQXVyMjMyMzI4MzY@._V1_SX300.jpg'),(174,'Demsala dawi: Sewaxan','tt1570569','https://m.media-amazon.com/images/M/MV5BMjgwMTBiZTgtMzg4OC00ZjkyLWE5MmQtNzFiYzBmY2FmMTA3XkEyXkFqcGdeQXVyNTk2MjQ5MzE@._V1_SX300.jpg'),(175,'Together Is Too Much','tt1570577','https://m.media-amazon.com/images/M/MV5BOTBhNzFiNjQtYmU2Mi00NDZjLThkNTQtMjE3MDFlZmUxOGRlXkEyXkFqcGdeQXVyMTYzNTE3NDA@._V1_SX300.jpg'),(176,'Especial Raphael. 50 años después','tt1570578','https://m.media-amazon.com/images/M/MV5BNzMwOGJjZmUtNTE2NC00MTNiLTljNzItMjI2N2U2ZWI1YTE3XkEyXkFqcGdeQXVyNTY1MTYyMTY@._V1_SX300.jpg'),(177,'For Ellen','tt1570583','https://m.media-amazon.com/images/M/MV5BMjMxOTg2OTExOF5BMl5BanBnXkFtZTcwMDA0MjYyOA@@._V1_SX300.jpg'),(178,'Henry','tt1570594','https://m.media-amazon.com/images/M/MV5BY2RkMzkzMDgtYTY1OS00YWJkLWI2NzMtZDM4ZGYxNjBmNzY4XkEyXkFqcGdeQXVyNTI3MjYxNTE@._V1_SX300.jpg'),(179,'Horrorbabe.com: Volume 1','tt1570598','https://m.media-amazon.com/images/M/MV5BOTgyODBjODktNGMxYS00NDNlLTljMTMtNDNmYmVlN2YzYjA0XkEyXkFqcGdeQXVyNzAwMjQ0MjQ@._V1_SX300.jpg'),(180,'I krouaziera tou erota','tt1570603','https://m.media-amazon.com/images/M/MV5BZmQ4ZjlkYTYtOGJlZS00ZjI4LTgxNGUtMGNlMWU0ZDdjODRiXkEyXkFqcGdeQXVyNDE5MTU2MDE@._V1_SX300.jpg'),(181,'Where? Wolf?','tt1570619','https://m.media-amazon.com/images/M/MV5BZTRhOWRhZTAtNTYzOC00M2IwLWE0MmYtYzFkZjM2MWNmZTljXkEyXkFqcGdeQXVyNTM3NzExMDQ@._V1_SX300.jpg'),(182,'Le pigeon','tt1570620','https://m.media-amazon.com/images/M/MV5BZjAzZjIxNDYtNDdiYi00ZmY5LThlNWQtOTc4ZjBhNzhlOGI0XkEyXkFqcGdeQXVyMjI4MzcxODg@._V1_SX300.jpg'),(183,'Lohengrin','tt1570623','https://m.media-amazon.com/images/M/MV5BMDJhMjQwOTAtMjcwOS00ODkyLWJkZTMtYzUxZWI2ZDY0NGE5XkEyXkFqcGdeQXVyMTk0MjQ3Nzk@._V1_SX300.jpg'),(184,'Lohengrin','tt1570624','https://m.media-amazon.com/images/M/MV5BMDc1OTY4MTgtYzg2ZC00ZjJmLWI3YTAtNWQ4MDIwMmVjMmYyXkEyXkFqcGdeQXVyODQ1MDk2NTA@._V1_SX300.jpg'),(185,'Louis XV, le soleil noir','tt1570625','https://m.media-amazon.com/images/M/MV5BOGIwNjMyMjMtMmQ0ZS00MWZlLTk5MDAtZDM3OWYyNzdmMGY2XkEyXkFqcGdeQXVyMjI4OTg3NTg@._V1_SX300.jpg'),(186,'Mateo Falcone','tt1570629','https://m.media-amazon.com/images/M/MV5BZjNmNjVlOWQtMWU5ZS00NWM5LTg2ZTEtZDg1YTNlZWFmMzBlXkEyXkFqcGdeQXVyODIxNzY2MA@@._V1_SX300.jpg'),(187,'More Dangerous Than Dynamite','tt1570637','https://m.media-amazon.com/images/M/MV5BM2RkZjk5ODEtYTY1NC00ZjJiLWEwYjAtODJjMGFkNTkxOWU3XkEyXkFqcGdeQXVyMTI5OTI2MjA1._V1_SX300.jpg'),(188,'Nakinureta haru no onna yo','tt1570639','https://m.media-amazon.com/images/M/MV5BZGNkZDQ0NTgtMDA1OC00OTRhLWI3NjMtYzY2Y2ZiZWZkMTY2XkEyXkFqcGdeQXVyMTg1MjM0NQ@@._V1_SX300.jpg'),(189,'Why Did These Women Become Like This?','tt1570640','https://m.media-amazon.com/images/M/MV5BNGU1NmUwMWUtYzM4OS00OWJkLTk3MDMtODRhMDNkMjllY2I3XkEyXkFqcGdeQXVyMjM3MDE4Njc@._V1_SX300.jpg'),(190,'O kyklos','tt1570654','https://m.media-amazon.com/images/M/MV5BZTEwZWMxOGUtZDhjNi00MDAwLWFjN2MtMjk3OTMzNDQwOGVjXkEyXkFqcGdeQXVyNzg5OTk2OA@@._V1_SX300.jpg'),(191,'Rhapsody in Autumn','tt1570670','https://m.media-amazon.com/images/M/MV5BYmRkODJmZTgtN2QwMS00N2FiLThjZWYtMmMxYzUxOTkzMTNhXkEyXkFqcGdeQXVyMjI5NzE1MzQ@._V1_SX300.jpg'),(192,'Sarah Vaughan: Live in \'58 & \'64','tt1570674','https://m.media-amazon.com/images/M/MV5BYmVlZTQ1ZTktMmU2NC00MzVjLWIwZDctZTYyNDUzNTllZmJiXkEyXkFqcGdeQXVyNTM3MDMyMDQ@._V1_SX300.jpg'),(193,'Gradual Improvement in the Weather','tt1570683','https://m.media-amazon.com/images/M/MV5BYTRkY2M0MTMtNWRhNi00MjY5LTg4ZTctY2E1M2M1MGFlNzQ2XkEyXkFqcGdeQXVyNzg5OTk2OA@@._V1_SX300.jpg'),(194,'The Messenger','tt1570708','https://m.media-amazon.com/images/M/MV5BMGE4ZjNiNTQtYjJiZC00M2QyLWFkMDctMmQyOWM1MjYxNTFlXkEyXkFqcGdeQXVyNjA5MTAzODY@._V1_SX300.jpg'),(195,'The Midnight Express','tt1570709','https://m.media-amazon.com/images/M/MV5BNzA2MzA1ZDQtM2M1YS00MTJhLWIxZjgtZmVjOGM2NWQ1NTc2XkEyXkFqcGdeQXVyNjA5MTAzODY@._V1_SX300.jpg'),(196,'Thong Girl 2: The Return of the Thong','tt1570721','https://m.media-amazon.com/images/M/MV5BMjM1YTU2YTAtODAwNi00OWQwLWEyOGYtMjNlOTI5YjhlODg5XkEyXkFqcGdeQXVyODQzMzAyNjY@._V1_SX300.jpg'),(197,'The Target','tt1570727','https://m.media-amazon.com/images/M/MV5BMTZjYTBjNjktOWEwMC00YjBhLTllNTEtZGQ0Mzg0ZTM4ZmVhXkEyXkFqcGdeQXVyMzExODEzNDA@._V1_SX300.jpg'),(198,'Crazy, Stupid, Love.','tt1570728','https://m.media-amazon.com/images/M/MV5BMTg2MjkwMTM0NF5BMl5BanBnXkFtZTcwMzc4NDg2NQ@@._V1_SX300.jpg'),(199,'Vettaikaaran','tt1570732','https://m.media-amazon.com/images/M/MV5BNjFmN2ViNWEtZDkzNC00ZGFmLWIyODktOTgxNThiOTJhOTc0XkEyXkFqcGdeQXVyMTEzNzg0Mjkx._V1_SX300.jpg'),(200,'Vittnesbörd om henne','tt1570736','https://m.media-amazon.com/images/M/MV5BZTZhYzYyMzQtMjVhNS00NWE5LTgxN2ItNTkwZTRlY2ZlNGI5XkEyXkFqcGdeQXVyMjI3MDczMjI@._V1_SX300.jpg'),(201,'With the Aid of the Wrecker','tt1570742','https://m.media-amazon.com/images/M/MV5BNTVjNTZmNzMtOGRiMy00YmFhLThjNTQtMTMwNzIyYzJlYjk4XkEyXkFqcGdeQXVyMDUyOTUyNQ@@._V1_SX300.jpg'),(202,'Late Morning Awakening','tt1570744','https://m.media-amazon.com/images/M/MV5BYjhkMjQ3M2ItYjMyNC00MTFjLWJhZDgtYzhjZWZhNDczOTU2XkEyXkFqcGdeQXVyNzg5OTk2OA@@._V1_SX300.jpg'),(203,'Yûhi ga naiteiru','tt1570746','https://m.media-amazon.com/images/M/MV5BMDczNzA1ZDItZGU1OC00MWU4LWI5NTctOWMyYmJmYzAxNzQ0XkEyXkFqcGdeQXVyNDkyMDgwNQ@@._V1_SX300.jpg'),(204,'Episode #1.16','tt1570749','https://m.media-amazon.com/images/M/MV5BMWUzNzc5ZGYtNDMzMC00ZDNhLWI0ZTUtN2QwMmVhYmI3NzU1XkEyXkFqcGdeQXVyMTA0MjU0Ng@@._V1_SX300.jpg'),(205,'You Caused This','tt1570761','https://m.media-amazon.com/images/M/MV5BMTQwOTQzMDczM15BMl5BanBnXkFtZTYwNTIzMTg4._V1_SX300.jpg'),(206,'Episode #1.5','tt1570762','https://m.media-amazon.com/images/M/MV5BYzQyZjVkN2QtMWY3Yy00YWRhLTk4N2EtNDNkMWM4Njk5MGQ1XkEyXkFqcGdeQXVyMTA0MjU0Ng@@._V1_SX300.jpg'),(207,'Episode #9.1','tt1570763','https://m.media-amazon.com/images/M/MV5BODJiYWJmN2QtM2E0Yy00NzFhLWI1N2YtZDY0ODQxZTFiOGJiXkEyXkFqcGdeQXVyNjIxMjQ2MTI@._V1_SX300.jpg'),(208,'Episode #12.14','tt1570768','https://m.media-amazon.com/images/M/MV5BODJiYWJmN2QtM2E0Yy00NzFhLWI1N2YtZDY0ODQxZTFiOGJiXkEyXkFqcGdeQXVyNjIxMjQ2MTI@._V1_SX300.jpg'),(209,'Episode #13.11','tt1570769','https://m.media-amazon.com/images/M/MV5BODJiYWJmN2QtM2E0Yy00NzFhLWI1N2YtZDY0ODQxZTFiOGJiXkEyXkFqcGdeQXVyNjIxMjQ2MTI@._V1_SX300.jpg'),(210,'Episode #17.1','tt1570773','https://m.media-amazon.com/images/M/MV5BODJiYWJmN2QtM2E0Yy00NzFhLWI1N2YtZDY0ODQxZTFiOGJiXkEyXkFqcGdeQXVyNjIxMjQ2MTI@._V1_SX300.jpg'),(211,'Episode #18.8','tt1570775','https://m.media-amazon.com/images/M/MV5BODJiYWJmN2QtM2E0Yy00NzFhLWI1N2YtZDY0ODQxZTFiOGJiXkEyXkFqcGdeQXVyNjIxMjQ2MTI@._V1_SX300.jpg'),(212,'Episode #1.136','tt1570778','https://m.media-amazon.com/images/M/MV5BYmM1ZGI4YjAtOGUxNi00ZWY1LTk4MmQtNGNiYmQwMjAxNDg3XkEyXkFqcGdeQXVyMTkzODUwNzk@._V1_SX300.jpg'),(213,'Episode #1.64','tt1570779','https://m.media-amazon.com/images/M/MV5BN2M4YWE4ZmUtNjExNy00MzVjLTg3Y2EtN2E4Yzk1YWQ4Y2I0XkEyXkFqcGdeQXVyMTkzODUwNzk@._V1_SX300.jpg'),(214,'Episode #1.7244','tt1570780','https://m.media-amazon.com/images/M/MV5BMTQxNjcyMjgxMl5BMl5BanBnXkFtZTgwMDI1OTI0MjE@._V1_SX300.jpg'),(215,'Episode #2.13','tt1570782','https://m.media-amazon.com/images/M/MV5BZjhiZDA4NmUtZDBhNy00NjU0LWE1OTQtMDA5MGM2YjRmYjlmXkEyXkFqcGdeQXVyMTA0MjU0Ng@@._V1_SX300.jpg'),(216,'Episode #9.5','tt1570783','https://m.media-amazon.com/images/M/MV5BMTk0MzY3OTc4OV5BMl5BanBnXkFtZTcwNzU3MzAzMQ@@._V1_SX300.jpg'),(217,'Episode #9.6','tt1570784','https://m.media-amazon.com/images/M/MV5BMTk0MzY3OTc4OV5BMl5BanBnXkFtZTcwNzU3MzAzMQ@@._V1_SX300.jpg'),(218,'Episode #9.7','tt1570785','https://m.media-amazon.com/images/M/MV5BMTk0MzY3OTc4OV5BMl5BanBnXkFtZTcwNzU3MzAzMQ@@._V1_SX300.jpg'),(219,'Freeza Bares His Fangs! Transcendent Power Attacks Gohan','tt1570791','https://m.media-amazon.com/images/M/MV5BZTg1ZDYwY2QtMzUyZS00YjQzLThmYTEtMzcwNjEyNWFkMzA0XkEyXkFqcGdeQXVyMTk3OTMzOA@@._V1_SX300.jpg'),(220,'Eternal Magic','tt1570799','https://m.media-amazon.com/images/M/MV5BMmFmYjA4YzktOGNiOC00ZDg3LWFhNzktZjQwNWY3NzEyZTdjXkEyXkFqcGdeQXVyNTM3MDMyMDQ@._V1_SX300.jpg'),(221,'Do What You Must','tt1570800','https://m.media-amazon.com/images/M/MV5BZTg3ZGI4MjAtMDVlNi00YzJkLWI3YmEtYzUxOWI2ZDY3MDBjXkEyXkFqcGdeQXVyMjQ5NjMxNDA@._V1_SX300.jpg'),(222,'Natsu vs. Hadou no yuuka','tt1570801','https://m.media-amazon.com/images/M/MV5BMTU2NTExMTc1OF5BMl5BanBnXkFtZTgwMDEyNzU1MjE@._V1_SX300.jpg'),(223,'Episode #1.1301','tt1570803','https://m.media-amazon.com/images/M/MV5BMjM0MTU4NDI0MV5BMl5BanBnXkFtZTcwOTA3NzMxOA@@._V1_SX300.jpg'),(224,'Episode #1.1302','tt1570804','https://m.media-amazon.com/images/M/MV5BMjM0MTU4NDI0MV5BMl5BanBnXkFtZTcwOTA3NzMxOA@@._V1_SX300.jpg'),(225,'Episode #1.1303','tt1570805','https://m.media-amazon.com/images/M/MV5BMjM0MTU4NDI0MV5BMl5BanBnXkFtZTcwOTA3NzMxOA@@._V1_SX300.jpg'),(226,'Episode #1.1304','tt1570806','https://m.media-amazon.com/images/M/MV5BMjM0MTU4NDI0MV5BMl5BanBnXkFtZTcwOTA3NzMxOA@@._V1_SX300.jpg'),(227,'Episode #1.1305','tt1570807','https://m.media-amazon.com/images/M/MV5BMjM0MTU4NDI0MV5BMl5BanBnXkFtZTcwOTA3NzMxOA@@._V1_SX300.jpg'),(228,'Episode #1.1671','tt1570808','https://m.media-amazon.com/images/M/MV5BMjM0MTU4NDI0MV5BMl5BanBnXkFtZTcwOTA3NzMxOA@@._V1_SX300.jpg'),(229,'Episode #1.1672','tt1570809','https://m.media-amazon.com/images/M/MV5BMjM0MTU4NDI0MV5BMl5BanBnXkFtZTcwOTA3NzMxOA@@._V1_SX300.jpg'),(230,'Episode #1.1673','tt1570810','https://m.media-amazon.com/images/M/MV5BMjM0MTU4NDI0MV5BMl5BanBnXkFtZTcwOTA3NzMxOA@@._V1_SX300.jpg'),(231,'Episode #1.1674','tt1570811','https://m.media-amazon.com/images/M/MV5BMjM0MTU4NDI0MV5BMl5BanBnXkFtZTcwOTA3NzMxOA@@._V1_SX300.jpg'),(232,'Episode #1.1675','tt1570812','https://m.media-amazon.com/images/M/MV5BMjM0MTU4NDI0MV5BMl5BanBnXkFtZTcwOTA3NzMxOA@@._V1_SX300.jpg'),(233,'Bazukûru no gekitou','tt1570817','https://m.media-amazon.com/images/M/MV5BNjZjNzU4MTQtMTYxMC00ODg1LWJmNmItNjk1ZThjMzljM2VjXkEyXkFqcGdeQXVyNjAwNDUxODI@._V1_SX300.jpg'),(234,'Das Lämmchen','tt1570820','https://m.media-amazon.com/images/M/MV5BMDczNzNiYzEtNGUwZC00YjAxLTgzNTAtYzNlODc4MWQ2NjViL2ltYWdlL2ltYWdlXkEyXkFqcGdeQXVyMTYyMTcxMw@@._V1_SX300.jpg'),(235,'Heroes: Slow Burn','tt1570825','https://m.media-amazon.com/images/M/MV5BMWNlODYzOGItNjIxMC00NzBmLTk4NWItOTY3MDc3YWU4Yjg3XkEyXkFqcGdeQXVyMDM0MzU2NA@@._V1_SX300.jpg'),(236,'Episode #1.2717','tt1570826','https://m.media-amazon.com/images/M/MV5BMTU0Nzc2ODQ3OF5BMl5BanBnXkFtZTcwNjY5MDcxMQ@@._V1_SX300.jpg'),(237,'Episode #1.2718','tt1570827','https://m.media-amazon.com/images/M/MV5BMTU0Nzc2ODQ3OF5BMl5BanBnXkFtZTcwNjY5MDcxMQ@@._V1_SX300.jpg'),(238,'Episode #1.2719','tt1570828','https://m.media-amazon.com/images/M/MV5BMTU0Nzc2ODQ3OF5BMl5BanBnXkFtZTcwNjY5MDcxMQ@@._V1_SX300.jpg'),(239,'Episode #1.2720','tt1570829','https://m.media-amazon.com/images/M/MV5BMTU0Nzc2ODQ3OF5BMl5BanBnXkFtZTcwNjY5MDcxMQ@@._V1_SX300.jpg'),(240,'Episode #1.4734','tt1570830','https://m.media-amazon.com/images/M/MV5BMTc3NDg5NzM2MF5BMl5BanBnXkFtZTcwNzI1NDExOQ@@._V1_SX300.jpg'),(241,'Episode #1.4735','tt1570831','https://m.media-amazon.com/images/M/MV5BMTc3NDg5NzM2MF5BMl5BanBnXkFtZTcwNzI1NDExOQ@@._V1_SX300.jpg'),(242,'Episode #26.72','tt1570837','https://m.media-amazon.com/images/M/MV5BOTE0MjQzNTUyOV5BMl5BanBnXkFtZTcwNDgzMTIzMQ@@._V1_SX300.jpg'),(243,'Episode #26.73','tt1570838','https://m.media-amazon.com/images/M/MV5BOTE0MjQzNTUyOV5BMl5BanBnXkFtZTcwNDgzMTIzMQ@@._V1_SX300.jpg'),(244,'Episode #26.74','tt1570839','https://m.media-amazon.com/images/M/MV5BOTE0MjQzNTUyOV5BMl5BanBnXkFtZTcwNDgzMTIzMQ@@._V1_SX300.jpg'),(245,'Episode #26.75','tt1570840','https://m.media-amazon.com/images/M/MV5BOTE0MjQzNTUyOV5BMl5BanBnXkFtZTcwNDgzMTIzMQ@@._V1_SX300.jpg'),(246,'Episode #26.76','tt1570841','https://m.media-amazon.com/images/M/MV5BZjQyYjc1ZDYtNTVlMy00ZDYyLTlhMTgtY2NkNzM2YTI1YjUzXkEyXkFqcGdeQXVyNTU2NDQ3NjU@._V1_SX300.jpg'),(247,'Episode #1.170','tt1570845','https://m.media-amazon.com/images/M/MV5BMTcwOTQ2Mjg2MF5BMl5BanBnXkFtZTYwOTI4Njc1._V1_SX300.jpg'),(248,'Episode #1.71','tt1570848','https://m.media-amazon.com/images/M/MV5BNmNkZWE3MWEtZmJiNy00ODdjLWIwYWEtNjU0OTNiY2ExYTUxXkEyXkFqcGdeQXVyMTM2Mzg4MA@@._V1_SX300.jpg'),(249,'Kodomo tachino mujinto','tt1570851','https://m.media-amazon.com/images/M/MV5BMTg1OTcyODMwMl5BMl5BanBnXkFtZTcwNTM4MzI2Mw@@._V1_SX300.jpg'),(250,'Episode #4.11','tt1570853','https://m.media-amazon.com/images/M/MV5BOGQyY2RiZTctMjFjNy00YzViLWFhNzAtYjQ1YjAxNGU4ODlkXkEyXkFqcGdeQXVyMTM2Mzg4MA@@._V1_SX300.jpg'),(251,'Final','tt1570854','https://m.media-amazon.com/images/M/MV5BNDMyYTk1NWQtOWE2ZC00MDNhLWFjNTEtODhlZjgwZmQwNTVhXkEyXkFqcGdeQXVyNTA0MjYwNQ@@._V1_SX300.jpg'),(252,'Nara Leão','tt1570869','https://m.media-amazon.com/images/M/MV5BOGUyN2Y5NTQtYWUzYy00MzExLWI3OGMtM2VhZmRlNGRmNjg1XkEyXkFqcGdeQXVyMTY2MzYyNzA@._V1_SX300.jpg'),(253,'Episode #1.1252','tt1570873','https://m.media-amazon.com/images/M/MV5BNmUwZGI1MWYtNTA2Yi00NzkyLWFjZDUtOWE3MjY3NjdlZDE2XkEyXkFqcGdeQXVyMjg0Mjg1MDM@._V1_SX300.jpg'),(254,'Shiba ke jûhachidaime tôshu','tt1570875','https://m.media-amazon.com/images/M/MV5BN2ZlNjkwMmEtYmI1My00OGRmLWI0NGQtZjhmOTcyODUwNWRmXkEyXkFqcGdeQXVyOTA5MTkxNjY@._V1_SX300.jpg'),(255,'Jolé gaat op in Incarna','tt1570878','https://m.media-amazon.com/images/M/MV5BMTM2MjM5MzY4Ml5BMl5BanBnXkFtZTcwMzU3NzMxNw@@._V1_SX300.jpg'),(256,'Episode dated 3 December 2009','tt1570884','https://m.media-amazon.com/images/M/MV5BNWM2MTY1ZWQtNmMyNi00ODFlLWFmMDQtMzUyMTA0NzgzMzE4XkEyXkFqcGdeQXVyMTY5MDE5NA@@._V1_SX300.jpg'),(257,'Episode dated 18 December 2009','tt1570895','https://m.media-amazon.com/images/M/MV5BNWM2MTY1ZWQtNmMyNi00ODFlLWFmMDQtMzUyMTA0NzgzMzE4XkEyXkFqcGdeQXVyMTY5MDE5NA@@._V1_SX300.jpg'),(258,'Episode dated 22 December 2009','tt1570897','https://m.media-amazon.com/images/M/MV5BNWM2MTY1ZWQtNmMyNi00ODFlLWFmMDQtMzUyMTA0NzgzMzE4XkEyXkFqcGdeQXVyMTY5MDE5NA@@._V1_SX300.jpg'),(259,'Episode #7.16','tt1570899','https://m.media-amazon.com/images/M/MV5BNzcyOGRkOWQtMzdhNi00YzdhLTk1M2UtN2M1Y2RkNmQzZDBjXkEyXkFqcGdeQXVyNjc2NTQzMjU@._V1_SX300.jpg'),(260,'Episode dated 15 November 1996','tt1570905','https://m.media-amazon.com/images/M/MV5BMTQ2OTk1NDk3OV5BMl5BanBnXkFtZTgwNjMxNzU1MjE@._V1_SX300.jpg'),(261,'Episode dated 11 June 1999','tt1570906','https://m.media-amazon.com/images/M/MV5BMTk1MjEzNDczMl5BMl5BanBnXkFtZTgwOTMxNzU1MjE@._V1_SX300.jpg'),(262,'Episode dated 30 November 1999','tt1570907','https://m.media-amazon.com/images/M/MV5BNzA0MDcyMTUxOF5BMl5BanBnXkFtZTgwODMxNzU1MjE@._V1_SX300.jpg'),(263,'Episode dated 15 February 2002','tt1570910','https://m.media-amazon.com/images/M/MV5BMjMxNTkwMTc2OV5BMl5BanBnXkFtZTgwMDM4NjU1MjE@._V1_SX300.jpg'),(264,'Episode dated 25 August 2005','tt1570911','https://m.media-amazon.com/images/M/MV5BMjM0MjA5ODI0Ml5BMl5BanBnXkFtZTgwOTI4NjU1MjE@._V1_SX300.jpg'),(265,'Episode dated 27 July 1999','tt1570913','https://m.media-amazon.com/images/M/MV5BMjIzODAwMDg4OF5BMl5BanBnXkFtZTgwMTM4NjU1MjE@._V1_SX300.jpg'),(266,'Gotham Tonight','tt1570914','https://m.media-amazon.com/images/M/MV5BMTg1ZThmMDYtZmJiOC00Y2I1LWFlOTYtZTM5M2ZiYjQzODUxXkEyXkFqcGdeQXVyNjgwNTk4Mg@@._V1_SX300.jpg'),(267,'In the Nik of Time','tt1570916','https://m.media-amazon.com/images/M/MV5BMTM2NGE2MjEtYWUyYy00NWY1LTgyYTctMWU3OGQ0MWI5ZjliXkEyXkFqcGdeQXVyNzQ1NjgzOTA@._V1_SX300.jpg'),(268,'The Great Disaster Begins','tt1570917','https://m.media-amazon.com/images/M/MV5BZjk4M2NlOWMtOTgxMy00NGRkLThhMzYtMmEwYjczNDY1YThlXkEyXkFqcGdeQXVyNzQ1NjgzOTA@._V1_SX300.jpg'),(269,'Kings of the Dinosaurs','tt1570918','https://m.media-amazon.com/images/M/MV5BN2RjM2QxMjItMjE5YS00Y2FhLWEwZDItMDA2MzYzZDBiNjg1XkEyXkFqcGdeQXVyNzQ1NjgzOTA@._V1_SX300.jpg'),(270,'Escape from Globecorp','tt1570919','https://m.media-amazon.com/images/M/MV5BN2UzMzkzYmQtOWEzOS00NjM4LTkyZDQtNDFlY2VjYzcyOTBlXkEyXkFqcGdeQXVyNzQ1NjgzOTA@._V1_SX300.jpg'),(271,'A Chase Through Time','tt1570920','https://m.media-amazon.com/images/M/MV5BNTExMzI5NTQwNV5BMl5BanBnXkFtZTcwMjY1ODI4MQ@@._V1_SX300.jpg'),(272,'Showdown at \'Eddie\'s Pools\'','tt1570921','https://m.media-amazon.com/images/M/MV5BYWZiOWE4ODUtMWY4ZC00YWRlLTgxOTktNTZjZDNmZjE1YzA3XkEyXkFqcGdeQXVyNzQ1NjgzOTA@._V1_SX300.jpg'),(273,'Episode #2.53','tt1570923','https://m.media-amazon.com/images/M/MV5BNmYwZGVjNjItZDg0Ni00YzBmLWJkNjgtMmExOTUyZGE4MzI5L2ltYWdlXkEyXkFqcGdeQXVyMjcyMDU4NA@@._V1_SX300.jpg'),(274,'Episode #19.10','tt1570929','https://m.media-amazon.com/images/M/MV5BMjE1ODQ1NjAyM15BMl5BanBnXkFtZTcwNzEyNDk2OA@@._V1_SX300.jpg'),(275,'Episode #19.11','tt1570930','https://m.media-amazon.com/images/M/MV5BMjE1ODQ1NjAyM15BMl5BanBnXkFtZTcwNzEyNDk2OA@@._V1_SX300.jpg'),(276,'Episode #19.12','tt1570931','https://m.media-amazon.com/images/M/MV5BMjE1ODQ1NjAyM15BMl5BanBnXkFtZTcwNzEyNDk2OA@@._V1_SX300.jpg'),(277,'Episode #19.13','tt1570932','https://m.media-amazon.com/images/M/MV5BMjE1ODQ1NjAyM15BMl5BanBnXkFtZTcwNzEyNDk2OA@@._V1_SX300.jpg'),(278,'Episode #19.14','tt1570933','https://m.media-amazon.com/images/M/MV5BMjE1ODQ1NjAyM15BMl5BanBnXkFtZTcwNzEyNDk2OA@@._V1_SX300.jpg'),(279,'Episode #19.15','tt1570934','https://m.media-amazon.com/images/M/MV5BMjE1ODQ1NjAyM15BMl5BanBnXkFtZTcwNzEyNDk2OA@@._V1_SX300.jpg'),(280,'Episode #19.16','tt1570935','https://m.media-amazon.com/images/M/MV5BMjE1ODQ1NjAyM15BMl5BanBnXkFtZTcwNzEyNDk2OA@@._V1_SX300.jpg'),(281,'Episode #19.17','tt1570936','https://m.media-amazon.com/images/M/MV5BMjE1ODQ1NjAyM15BMl5BanBnXkFtZTcwNzEyNDk2OA@@._V1_SX300.jpg'),(282,'Episode #19.18','tt1570937','https://m.media-amazon.com/images/M/MV5BMjE1ODQ1NjAyM15BMl5BanBnXkFtZTcwNzEyNDk2OA@@._V1_SX300.jpg'),(283,'Episode #19.19','tt1570938','https://m.media-amazon.com/images/M/MV5BMjE1ODQ1NjAyM15BMl5BanBnXkFtZTcwNzEyNDk2OA@@._V1_SX300.jpg'),(284,'Episode #19.2','tt1570939','https://m.media-amazon.com/images/M/MV5BMjE1ODQ1NjAyM15BMl5BanBnXkFtZTcwNzEyNDk2OA@@._V1_SX300.jpg'),(285,'Episode #19.20','tt1570940','https://m.media-amazon.com/images/M/MV5BMjE1ODQ1NjAyM15BMl5BanBnXkFtZTcwNzEyNDk2OA@@._V1_SX300.jpg'),(286,'Episode #19.21','tt1570941','https://m.media-amazon.com/images/M/MV5BMjE1ODQ1NjAyM15BMl5BanBnXkFtZTcwNzEyNDk2OA@@._V1_SX300.jpg'),(287,'Episode #19.3','tt1570942','https://m.media-amazon.com/images/M/MV5BMjE1ODQ1NjAyM15BMl5BanBnXkFtZTcwNzEyNDk2OA@@._V1_SX300.jpg'),(288,'Episode #19.4','tt1570943','https://m.media-amazon.com/images/M/MV5BMjE1ODQ1NjAyM15BMl5BanBnXkFtZTcwNzEyNDk2OA@@._V1_SX300.jpg'),(289,'Episode #19.5','tt1570944','https://m.media-amazon.com/images/M/MV5BMjE1ODQ1NjAyM15BMl5BanBnXkFtZTcwNzEyNDk2OA@@._V1_SX300.jpg'),(290,'Episode #19.6','tt1570945','https://m.media-amazon.com/images/M/MV5BMjE1ODQ1NjAyM15BMl5BanBnXkFtZTcwNzEyNDk2OA@@._V1_SX300.jpg'),(291,'Episode #19.7','tt1570946','https://m.media-amazon.com/images/M/MV5BOTBlZWQ3OGEtMTA1Mi00ZDdhLWFkNzgtZTcwYWM1ODMwM2EwXkEyXkFqcGdeQXVyNTU2NDQ3NjU@._V1_SX300.jpg'),(292,'Episode #19.8','tt1570947','https://m.media-amazon.com/images/M/MV5BMjE1ODQ1NjAyM15BMl5BanBnXkFtZTcwNzEyNDk2OA@@._V1_SX300.jpg'),(293,'Episode #19.9','tt1570948','https://m.media-amazon.com/images/M/MV5BMjE1ODQ1NjAyM15BMl5BanBnXkFtZTcwNzEyNDk2OA@@._V1_SX300.jpg'),(294,'Episode dated 20 March 2009','tt1570949','https://m.media-amazon.com/images/M/MV5BMjA1NTAwODUyNF5BMl5BanBnXkFtZTcwNzAzMzEzMQ@@._V1_SX300.jpg'),(295,'Episode #1.9299','tt1570950','https://m.media-amazon.com/images/M/MV5BMTYyNzAyNzMyNV5BMl5BanBnXkFtZTgwNzYxNzA2MjE@._V1_SX300.jpg'),(296,'Episode #11.12','tt1570954','https://m.media-amazon.com/images/M/MV5BZGNhNWI1MGEtMjU1Ni00ZDgwLWIxNzEtNGY2ZGE5MmFmNjQ4XkEyXkFqcGdeQXVyOTA0NzE2MzA@._V1_SX300.jpg'),(297,'Episode dated 6 October 1989','tt1570955','https://m.media-amazon.com/images/M/MV5BMTY1ODU5MzE4Ml5BMl5BanBnXkFtZTcwNzQ5NjYyMQ@@._V1_SX300.jpg'),(298,'Episode dated 22 December 1989','tt1570956','https://m.media-amazon.com/images/M/MV5BMTY1ODU5MzE4Ml5BMl5BanBnXkFtZTcwNzQ5NjYyMQ@@._V1_SX300.jpg'),(299,'Worst Cooks in America','tt1570957','https://m.media-amazon.com/images/M/MV5BMDUyMjIyZDAtODg3NC00MDIzLWJiNTctZDA4OTY4MWJjODc0XkEyXkFqcGdeQXVyMTY2Nzk0NDY@._V1_SX300.jpg'),(300,'A Rogue in Londinium','tt1570961','https://m.media-amazon.com/images/M/MV5BMTg3NTA4MDg3NV5BMl5BanBnXkFtZTcwNDE2MzYyNw@@._V1_SX300.jpg'),(301,'A Nightmare in Las Cruces','tt1570962','https://m.media-amazon.com/images/M/MV5BMTU5ODIwMzQ1Nl5BMl5BanBnXkFtZTgwMjU1NTk1MDE@._V1_SX300.jpg'),(302,'Building Alaska','tt1570963','https://m.media-amazon.com/images/M/MV5BMTQ0NjE3NTEzOV5BMl5BanBnXkFtZTgwOTUzNDA2MDE@._V1_SX300.jpg'),(303,'Curious George: A Very Monkey Christmas','tt1570964','https://m.media-amazon.com/images/M/MV5BNjM4NDczNzgzM15BMl5BanBnXkFtZTgwODUzNDA2MDE@._V1_SX300.jpg'),(304,'Balls','tt1570966','https://m.media-amazon.com/images/M/MV5BYWE0ZWM2ZTgtNDgwMS00M2I0LWFjNTEtZGM1MWRkNDBmZTEyXkEyXkFqcGdeQXVyMjExMDE1MzQ@._V1_SX300.jpg'),(305,'Kraków po latynosku','tt1570969','https://m.media-amazon.com/images/M/MV5BNzM4MmI2NjEtMThjYi00NjEwLTg3YWYtNGZlOWRhMjM1NmY4XkEyXkFqcGdeQXVyNTM3MDMyMDQ@._V1_SX300.jpg'),(306,'Student Services','tt1570970','https://m.media-amazon.com/images/M/MV5BZjU5YTg1NTctNjVlMy00ZWQwLTk1ZTEtYjU0YzdlZDU0Mzg0XkEyXkFqcGdeQXVyMTMxODk2OTU@._V1_SX300.jpg'),(307,'Feed Me with Your Words','tt1570972','https://m.media-amazon.com/images/M/MV5BMjAwMTAzNzQwMF5BMl5BanBnXkFtZTcwODI3NzM1OA@@._V1_SX300.jpg'),(308,'Shadow Moves - The Homecoming of Regilio Tuur','tt1570974','https://m.media-amazon.com/images/M/MV5BNjQzMDIwMjQ3Ml5BMl5BanBnXkFtZTcwMjY5Mzk5Mw@@._V1_SX300.jpg'),(309,'Star Wars: The Force Unleashed II','tt1570976','https://m.media-amazon.com/images/M/MV5BNzA2OTdkMWMtZmJhZS00ZTBiLWI4NDktZTE3MGE4YjdjNGE5L2ltYWdlXkEyXkFqcGdeQXVyNTAyODkwOQ@@._V1_SX300.jpg'),(310,'Two Weeks in Hell','tt1570978','https://m.media-amazon.com/images/M/MV5BMzY4OTYxODExMF5BMl5BanBnXkFtZTgwMjA3MjY2MDE@._V1_SX300.jpg'),(311,'Celine: Through the Eyes of the World','tt1570982','https://m.media-amazon.com/images/M/MV5BMTMxNjg3MjQ4NF5BMl5BanBnXkFtZTcwNzU4ODkxMw@@._V1_SX300.jpg'),(312,'Closure','tt1570983','https://m.media-amazon.com/images/M/MV5BMTMzMDQ0MDQ1NF5BMl5BanBnXkFtZTcwNTMzNDYyNA@@._V1_SX300.jpg'),(313,'Growing Greener Schools','tt1570985','https://m.media-amazon.com/images/M/MV5BNWE4NzQyOTYtYWM0Zi00ZTFhLThiNWUtZDVjNGZlYWU4YWYxXkEyXkFqcGdeQXVyMjAzOTMzODE@._V1_SX300.jpg'),(314,'Retired at 35','tt1570987','https://m.media-amazon.com/images/M/MV5BMTkyMjA3NjE3N15BMl5BanBnXkFtZTcwODg0MTExNg@@._V1_SX300.jpg'),(315,'The Hunchback','tt1570988','https://m.media-amazon.com/images/M/MV5BMTI4MTY2OTI5MV5BMl5BanBnXkFtZTcwNjkyODE2Mw@@._V1_SX640.jpg'),(316,'Tiny Furniture','tt1570989','https://m.media-amazon.com/images/M/MV5BNjIzODg0NDY5Nl5BMl5BanBnXkFtZTcwMDQyMzk5Mw@@._V1_SX300.jpg'),(317,'War Don Don','tt1570991','https://m.media-amazon.com/images/M/MV5BYzRiMTMyNDctMDljNC00NWU5LWIxMzAtZGE5MmYxYmIzMDc3XkEyXkFqcGdeQXVyMzY1MjA0OA@@._V1_SX300.jpg');
/*!40000 ALTER TABLE `pelicula` ENABLE KEYS */;
UNLOCK TABLES;

--
-- Table structure for table `peliculaactor`
--

DROP TABLE IF EXISTS `peliculaactor`;
/*!40101 SET @saved_cs_client     = @@character_set_client */;
/*!50503 SET character_set_client = utf8mb4 */;
CREATE TABLE `peliculaactor` (
  `idpeliculaActor` int NOT NULL AUTO_INCREMENT,
  `idPelicula` int NOT NULL,
  `idActor` int NOT NULL,
  PRIMARY KEY (`idpeliculaActor`),
  KEY `idPelicula_idx` (`idPelicula`),
  KEY `idActor_idx` (`idActor`),
  CONSTRAINT `idActor` FOREIGN KEY (`idActor`) REFERENCES `actor` (`idActor`),
  CONSTRAINT `idPelicula` FOREIGN KEY (`idPelicula`) REFERENCES `pelicula` (`idImdb`)
) ENGINE=InnoDB AUTO_INCREMENT=964 DEFAULT CHARSET=utf8mb3 COLLATE=utf8mb3_bin;
/*!40101 SET character_set_client = @saved_cs_client */;

--
-- Dumping data for table `peliculaactor`
--

LOCK TABLES `peliculaactor` WRITE;
/*!40000 ALTER TABLE `peliculaactor` DISABLE KEYS */;
INSERT INTO `peliculaactor` VALUES (1,1,182),(2,1,463),(3,1,86),(4,2,251),(5,2,106),(6,2,355),(7,3,353),(8,3,523),(9,3,429),(10,4,494),(11,4,561),(12,4,526),(13,5,197),(14,6,279),(15,7,217),(16,7,146),(17,7,273),(18,8,178),(19,8,425),(20,8,472),(21,8,270),(22,9,578),(23,9,98),(24,10,216),(25,10,437),(26,10,309),(27,11,362),(28,11,589),(29,11,67),(30,11,356),(31,12,20),(32,13,20),(33,14,20),(34,15,20),(35,16,431),(36,16,534),(37,16,332),(38,16,211),(39,17,527),(40,17,496),(41,17,475),(42,18,15),(43,18,518),(44,18,192),(45,19,195),(46,20,539),(47,20,524),(48,20,323),(49,21,539),(50,21,524),(51,21,323),(52,22,382),(53,22,392),(54,22,72),(55,23,48),(56,23,365),(57,23,371),(58,23,489),(59,24,5),(60,24,229),(61,24,371),(62,24,485),(63,25,549),(64,25,371),(65,25,427),(66,26,396),(67,26,22),(68,26,418),(69,26,580),(70,27,84),(71,27,107),(72,27,531),(73,28,84),(74,28,107),(75,28,531),(76,29,135),(77,29,152),(78,30,135),(79,30,152),(80,30,501),(81,31,135),(82,31,152),(83,31,193),(84,32,368),(85,32,56),(86,32,257),(87,33,253),(88,33,56),(89,33,591),(90,34,368),(91,34,56),(92,34,263),(93,35,326),(94,35,335),(95,35,171),(96,36,587),(97,36,390),(98,36,199),(99,37,7),(100,37,486),(101,37,498),(102,37,200),(103,38,204),(104,38,312),(105,38,448),(106,38,546),(107,39,583),(108,39,590),(109,39,595),(110,39,231),(111,40,488),(112,40,590),(113,40,349),(114,41,345),(115,41,455),(116,41,500),(117,42,345),(118,42,455),(119,42,500),(120,43,550),(121,43,76),(122,43,50),(123,44,386),(124,44,556),(125,44,154),(126,44,571),(127,45,386),(128,45,430),(129,45,29),(130,45,581),(131,46,162),(132,46,556),(133,46,571),(134,46,433),(135,47,162),(136,47,62),(137,47,386),(138,47,369),(139,48,62),(140,48,339),(141,48,556),(142,48,65),(143,49,369),(144,49,51),(145,49,245),(146,49,64),(147,50,551),(148,50,154),(149,50,245),(150,50,81),(151,51,62),(152,51,386),(153,51,556),(154,51,567),(155,52,109),(156,52,556),(157,52,444),(158,52,511),(159,53,487),(160,53,601),(161,53,2),(162,53,521),(163,54,314),(164,54,220),(165,54,354),(166,54,544),(167,55,314),(168,55,220),(169,55,354),(170,55,544),(171,56,519),(172,56,156),(173,56,239),(174,57,14),(175,57,235),(176,57,367),(177,58,185),(178,58,57),(179,58,38),(180,58,310),(181,59,185),(182,59,57),(183,59,38),(184,59,310),(185,60,185),(186,60,57),(187,60,38),(188,61,185),(189,61,57),(190,61,38),(191,61,310),(192,62,185),(193,62,57),(194,62,451),(195,63,185),(196,63,57),(197,63,451),(198,63,381),(199,64,185),(200,64,57),(201,64,401),(202,65,185),(203,65,57),(204,65,516),(205,66,185),(206,66,57),(207,66,516),(208,67,185),(209,67,57),(210,67,516),(211,68,185),(212,68,57),(213,68,516),(214,69,185),(215,69,210),(216,69,381),(217,70,185),(218,70,57),(219,70,340),(220,70,381),(221,71,185),(222,71,57),(223,71,340),(224,72,185),(225,72,57),(226,72,310),(227,73,185),(228,73,57),(229,73,188),(230,74,185),(231,74,57),(232,74,492),(233,75,185),(234,75,57),(235,75,522),(236,76,185),(237,76,57),(238,76,336),(239,77,185),(240,77,57),(241,77,336),(242,78,185),(243,78,57),(244,78,336),(245,78,17),(246,79,185),(247,79,57),(248,79,188),(249,80,185),(250,80,57),(251,80,188),(252,81,185),(253,81,57),(254,81,291),(255,82,185),(256,82,57),(257,82,291),(258,83,185),(259,83,57),(260,83,291),(261,84,185),(262,84,57),(263,84,310),(264,85,185),(265,85,57),(266,85,434),(267,86,185),(268,86,57),(269,86,434),(270,87,185),(271,87,57),(272,87,381),(273,88,185),(274,88,57),(275,88,381),(276,89,185),(277,89,57),(278,89,381),(279,90,185),(280,90,57),(281,90,381),(282,91,185),(283,91,57),(284,91,552),(285,92,78),(286,92,37),(287,92,41),(288,93,43),(289,93,32),(290,93,469),(291,94,509),(292,94,421),(293,94,557),(294,94,142),(295,95,415),(296,95,184),(297,95,60),(298,96,169),(299,96,280),(300,96,268),(301,96,151),(302,97,375),(303,97,262),(304,97,564),(305,97,495),(306,98,389),(307,98,88),(308,98,468),(309,99,502),(310,99,230),(311,99,103),(312,99,454),(313,100,54),(314,100,232),(315,100,329),(316,101,54),(317,101,232),(318,101,329),(319,102,269),(320,102,292),(321,102,346),(322,103,530),(323,103,73),(324,103,592),(325,104,530),(326,104,122),(327,104,592),(328,105,530),(329,105,592),(330,105,124),(331,106,530),(332,106,592),(333,107,530),(334,107,592),(335,108,243),(336,108,96),(337,108,405),(338,109,283),(339,109,53),(340,109,363),(341,110,114),(342,110,299),(343,110,286),(344,111,85),(345,111,321),(346,111,181),(347,112,611),(348,112,330),(349,112,461),(350,113,237),(351,113,105),(352,113,93),(353,114,563),(354,114,577),(355,114,209),(356,115,74),(357,115,331),(358,115,115),(359,116,379),(360,116,102),(361,116,90),(362,117,404),(363,117,218),(364,117,219),(365,117,428),(366,118,532),(367,118,89),(368,118,140),(369,119,438),(370,119,40),(371,119,308),(372,119,6),(373,120,352),(374,120,302),(375,120,453),(376,121,213),(377,121,58),(378,121,266),(379,122,575),(380,123,272),(381,123,228),(382,123,24),(383,124,117),(384,124,212),(385,124,394),(386,125,596),(387,125,318),(388,125,327),(389,126,462),(390,126,276),(391,126,28),(392,127,158),(393,127,535),(394,128,607),(395,128,407),(396,129,585),(397,129,554),(398,129,548),(399,130,338),(400,130,138),(401,130,70),(402,131,198),(403,132,195),(404,133,547),(405,133,413),(406,133,536),(407,134,195),(408,135,157),(409,135,316),(410,135,503),(411,136,195),(412,137,189),(413,137,416),(414,137,588),(415,137,377),(416,138,449),(417,138,341),(418,138,609),(419,139,445),(420,139,183),(421,139,39),(422,140,195),(423,141,264),(424,141,82),(425,141,584),(426,142,128),(427,142,545),(428,142,238),(429,143,491),(430,143,125),(431,143,582),(432,144,223),(433,144,126),(434,144,249),(435,145,287),(436,145,606),(437,145,18),(438,145,30),(439,146,284),(440,147,512),(441,147,409),(442,148,3),(443,148,202),(444,149,479),(445,149,467),(446,149,398),(447,150,61),(448,150,440),(449,150,315),(450,151,172),(451,151,410),(452,151,370),(453,151,560),(454,152,190),(455,152,325),(456,153,195),(457,154,123),(458,154,572),(459,154,10),(460,155,195),(461,156,471),(462,156,490),(463,156,442),(464,157,344),(465,157,400),(466,157,108),(467,158,450),(468,158,25),(469,158,317),(470,159,417),(471,159,79),(472,159,166),(473,160,203),(474,160,419),(475,160,484),(476,161,265),(477,161,569),(478,161,343),(479,162,77),(480,162,411),(481,162,111),(482,163,342),(483,163,177),(484,163,460),(485,163,8),(486,164,33),(487,165,130),(488,165,305),(489,165,261),(490,166,277),(491,167,296),(492,167,129),(493,167,164),(494,168,26),(495,168,258),(496,168,497),(497,169,149),(498,169,537),(499,169,499),(500,170,224),(501,170,241),(502,170,221),(503,171,476),(504,172,301),(505,172,147),(506,172,226),(507,173,195),(508,174,477),(509,174,573),(510,174,402),(511,175,46),(512,175,480),(513,175,311),(514,176,246),(515,176,208),(516,176,423),(517,177,201),(518,177,80),(519,177,175),(520,178,247),(521,178,435),(522,178,373),(523,179,610),(524,179,599),(525,179,16),(526,179,176),(527,180,289),(528,180,274),(529,180,110),(530,180,242),(531,181,447),(532,181,160),(533,181,562),(534,182,244),(535,182,436),(536,182,514),(537,183,579),(538,183,414),(539,183,395),(540,184,432),(541,184,95),(542,184,68),(543,185,543),(544,185,174),(545,185,483),(546,186,294),(547,186,112),(548,186,155),(549,187,195),(550,188,170),(551,188,555),(552,188,165),(553,189,290),(554,189,191),(555,189,100),(556,190,195),(557,191,553),(558,191,456),(559,192,250),(560,193,63),(561,193,121),(562,193,36),(563,194,83),(564,194,23),(565,194,412),(566,195,296),(567,195,129),(568,195,164),(569,196,504),(570,196,225),(571,196,133),(572,196,254),(573,197,99),(574,197,399),(575,197,507),(576,198,464),(577,198,282),(578,198,71),(579,199,422),(580,199,337),(581,199,47),(582,200,9),(583,200,12),(584,201,296),(585,201,1),(586,201,129),(587,202,195),(588,203,34),(589,203,59),(590,203,281),(591,204,136),(592,204,347),(593,204,420),(594,205,586),(595,205,425),(596,205,472),(597,205,383),(598,206,148),(599,206,559),(600,206,513),(601,207,380),(602,207,144),(603,207,35),(604,208,380),(605,208,144),(606,208,35),(607,209,380),(608,209,144),(609,209,35),(610,210,380),(611,210,35),(612,210,528),(613,211,380),(614,211,35),(615,211,528),(616,212,216),(617,212,437),(618,212,309),(619,213,362),(620,213,589),(621,213,356),(622,214,508),(623,214,558),(624,214,466),(625,215,31),(626,215,391),(627,215,97),(628,216,426),(629,216,260),(630,216,255),(631,216,21),(632,217,426),(633,217,260),(634,217,255),(635,217,21),(636,218,426),(637,218,260),(638,218,255),(639,218,21),(640,219,510),(641,219,306),(642,219,458),(643,220,119),(644,220,145),(645,220,236),(646,221,119),(647,221,236),(648,221,150),(649,222,119),(650,222,236),(651,222,505),(652,223,538),(653,223,75),(654,223,328),(655,223,259),(656,224,538),(657,224,75),(658,224,186),(659,224,328),(660,225,538),(661,225,75),(662,225,186),(663,226,538),(664,226,75),(665,226,186),(666,226,4),(667,227,538),(668,227,75),(669,227,186),(670,227,4),(671,228,538),(672,228,515),(673,228,94),(674,228,387),(675,229,538),(676,229,515),(677,229,94),(678,229,387),(679,230,538),(680,230,515),(681,230,94),(682,230,360),(683,231,538),(684,231,515),(685,231,94),(686,231,360),(687,232,538),(688,232,515),(689,232,94),(690,232,387),(691,233,465),(692,233,372),(693,233,493),(694,234,113),(695,234,163),(696,234,319),(697,235,357),(698,235,358),(699,235,525),(700,236,517),(701,236,385),(702,236,470),(703,236,271),(704,237,517),(705,237,72),(706,237,457),(707,237,271),(708,238,517),(709,238,72),(710,238,459),(711,238,520),(712,239,517),(713,239,72),(714,239,459),(715,239,385),(716,240,69),(717,240,205),(718,240,173),(719,241,365),(720,241,69),(721,241,489),(722,241,205),(723,242,135),(724,242,152),(725,242,193),(726,242,240),(727,243,135),(728,243,152),(729,243,131),(730,243,598),(731,244,135),(732,244,152),(733,244,240),(734,244,604),(735,245,135),(736,245,152),(737,245,608),(738,245,604),(739,246,135),(740,246,152),(741,246,116),(742,247,159),(743,247,267),(744,247,350),(745,247,374),(746,248,7),(747,248,214),(748,248,486),(749,249,45),(750,249,473),(751,249,388),(752,249,278),(753,250,252),(754,250,295),(755,250,153),(756,251,568),(757,251,234),(758,251,359),(759,252,92),(760,252,179),(761,252,248),(762,253,452),(763,253,602),(764,253,378),(765,254,322),(766,254,304),(767,254,298),(768,255,439),(769,255,406),(770,255,27),(771,255,194),(772,256,49),(773,256,134),(774,256,529),(775,257,134),(776,257,529),(777,257,143),(778,258,443),(779,258,134),(780,258,529),(781,259,101),(782,259,127),(783,260,233),(784,260,482),(785,260,120),(786,261,233),(787,261,87),(788,262,233),(789,262,474),(790,263,233),(791,263,87),(792,264,233),(793,264,474),(794,265,233),(795,265,542),(796,265,474),(797,266,206),(798,266,207),(799,266,293),(800,267,351),(801,267,66),(802,267,603),(803,268,351),(804,268,66),(805,268,603),(806,269,351),(807,269,66),(808,269,603),(809,270,351),(810,270,66),(811,270,603),(812,271,351),(813,271,66),(814,271,603),(815,271,52),(816,272,351),(817,272,66),(818,272,603),(819,273,478),(820,273,333),(821,273,574),(822,274,118),(823,274,222),(824,274,13),(825,274,167),(826,275,118),(827,275,222),(828,275,13),(829,275,167),(830,276,118),(831,276,222),(832,276,13),(833,276,167),(834,277,118),(835,277,222),(836,277,13),(837,277,167),(838,278,118),(839,278,222),(840,278,13),(841,278,167),(842,279,118),(843,279,222),(844,279,13),(845,279,167),(846,280,118),(847,280,222),(848,280,13),(849,280,167),(850,281,118),(851,281,222),(852,281,13),(853,281,167),(854,282,118),(855,282,222),(856,282,13),(857,282,167),(858,283,118),(859,283,222),(860,283,13),(861,283,167),(862,284,118),(863,284,222),(864,284,13),(865,284,167),(866,285,118),(867,285,222),(868,285,13),(869,285,167),(870,286,118),(871,286,222),(872,286,13),(873,286,167),(874,287,118),(875,287,222),(876,287,13),(877,287,167),(878,288,118),(879,288,222),(880,288,13),(881,288,167),(882,289,118),(883,289,222),(884,289,13),(885,289,167),(886,290,118),(887,290,222),(888,290,13),(889,290,167),(890,291,118),(891,291,222),(892,291,13),(893,292,118),(894,292,222),(895,292,13),(896,292,167),(897,293,118),(898,293,222),(899,293,13),(900,293,167),(901,294,303),(902,294,297),(903,294,361),(904,294,141),(905,295,348),(906,295,389),(907,295,137),(908,295,506),(909,296,566),(910,296,11),(911,296,384),(912,297,376),(913,297,161),(914,298,132),(915,298,275),(916,299,215),(917,299,256),(918,299,597),(919,300,565),(920,300,139),(921,300,334),(922,301,594),(923,301,424),(924,301,600),(925,302,533),(926,303,227),(927,303,576),(928,303,180),(929,304,288),(930,304,187),(931,304,307),(932,305,195),(933,306,300),(934,306,593),(935,306,441),(936,307,55),(937,307,403),(938,307,19),(939,308,364),(940,308,285),(941,309,324),(942,309,91),(943,309,481),(944,309,196),(945,310,195),(946,311,320),(947,311,397),(948,311,585),(949,312,104),(950,312,366),(951,312,446),(952,313,195),(953,314,540),(954,314,168),(955,314,570),(956,315,408),(957,315,605),(958,315,313),(959,315,44),(960,316,541),(961,316,393),(962,316,42),(963,317,195);
/*!40000 ALTER TABLE `peliculaactor` ENABLE KEYS */;
UNLOCK TABLES;

--
-- Table structure for table `peliculadirector`
--

DROP TABLE IF EXISTS `peliculadirector`;
/*!40101 SET @saved_cs_client     = @@character_set_client */;
/*!50503 SET character_set_client = utf8mb4 */;
CREATE TABLE `peliculadirector` (
  `idpeliculaDirector` int NOT NULL AUTO_INCREMENT,
  `idPDPelicula` int NOT NULL,
  `idPDDirector` int NOT NULL,
  PRIMARY KEY (`idpeliculaDirector`),
  KEY `idPelicula_idx` (`idPDPelicula`),
  KEY `idDirector_idx` (`idPDDirector`),
  CONSTRAINT `idPDDirector` FOREIGN KEY (`idPDDirector`) REFERENCES `director` (`idDirector`),
  CONSTRAINT `idPDPelicula` FOREIGN KEY (`idPDPelicula`) REFERENCES `pelicula` (`idImdb`)
) ENGINE=InnoDB AUTO_INCREMENT=336 DEFAULT CHARSET=utf8mb3 COLLATE=utf8mb3_bin;
/*!40101 SET character_set_client = @saved_cs_client */;

--
-- Dumping data for table `peliculadirector`
--

LOCK TABLES `peliculadirector` WRITE;
/*!40000 ALTER TABLE `peliculadirector` DISABLE KEYS */;
INSERT INTO `peliculadirector` VALUES (1,1,147),(2,2,133),(3,3,79),(4,4,63),(5,5,63),(6,6,63),(7,7,42),(8,8,63),(9,9,63),(10,10,117),(11,10,67),(12,11,63),(13,12,63),(14,13,63),(15,14,63),(16,15,63),(17,16,63),(18,17,63),(19,18,63),(20,19,160),(21,20,109),(22,21,109),(23,22,65),(24,23,63),(25,24,63),(26,25,39),(27,26,128),(28,27,115),(29,28,164),(30,29,123),(31,30,123),(32,31,123),(33,32,94),(34,33,94),(35,34,94),(36,35,33),(37,36,63),(38,37,148),(39,38,63),(40,39,63),(41,40,63),(42,41,152),(43,42,87),(44,43,63),(45,44,58),(46,45,77),(47,46,58),(48,47,63),(49,48,32),(50,49,32),(51,50,32),(52,51,39),(53,52,39),(54,53,44),(55,53,100),(56,54,16),(57,55,16),(58,56,50),(59,57,34),(60,58,63),(61,59,63),(62,60,63),(63,61,63),(64,62,63),(65,63,63),(66,64,63),(67,65,63),(68,66,63),(69,67,63),(70,68,63),(71,69,63),(72,70,63),(73,71,63),(74,72,63),(75,73,63),(76,74,63),(77,75,63),(78,76,63),(79,77,63),(80,78,63),(81,79,63),(82,80,63),(83,81,63),(84,82,63),(85,83,63),(86,84,63),(87,85,63),(88,86,63),(89,87,63),(90,88,63),(91,89,63),(92,90,63),(93,91,63),(94,92,63),(95,93,19),(96,94,23),(97,95,6),(98,96,63),(99,97,107),(100,98,73),(101,99,63),(102,100,54),(103,101,54),(104,102,26),(105,102,68),(106,103,4),(107,104,4),(108,105,4),(109,106,4),(110,107,4),(111,108,126),(112,109,71),(113,110,103),(114,111,63),(115,112,63),(116,113,88),(117,114,25),(118,115,15),(119,116,125),(120,117,141),(121,118,69),(122,119,112),(123,120,30),(124,120,1),(125,121,93),(126,122,141),(127,123,63),(128,124,85),(129,125,168),(130,126,78),(131,127,81),(132,128,130),(133,129,63),(134,130,138),(135,131,5),(136,132,5),(137,133,63),(138,134,104),(139,135,105),(140,136,48),(141,136,10),(142,136,7),(143,137,143),(144,138,110),(145,139,46),(146,140,166),(147,141,72),(148,142,8),(149,143,38),(150,144,57),(151,145,29),(152,145,31),(153,146,149),(154,147,2),(155,148,55),(156,149,97),(157,150,106),(158,151,61),(159,152,43),(160,153,14),(161,154,161),(162,155,118),(163,156,35),(164,157,131),(165,158,63),(166,159,63),(167,160,63),(168,161,63),(169,162,63),(170,163,63),(171,164,63),(172,165,59),(173,166,140),(174,167,158),(175,168,86),(176,168,132),(177,169,63),(178,170,56),(179,171,63),(180,172,96),(181,173,99),(182,174,151),(183,175,47),(184,176,63),(185,177,62),(186,178,102),(187,178,153),(188,179,91),(189,180,27),(190,181,40),(191,182,70),(192,183,135),(193,184,63),(194,185,24),(195,186,28),(196,187,63),(197,188,154),(198,189,154),(199,190,92),(200,191,156),(201,192,63),(202,193,113),(203,194,63),(204,195,158),(205,196,101),(206,197,145),(207,198,150),(208,198,66),(209,199,137),(210,200,52),(211,201,3),(212,202,82),(213,202,124),(214,203,20),(215,204,60),(216,205,63),(217,206,159),(218,207,64),(219,208,157),(220,209,157),(221,210,157),(222,211,146),(223,212,117),(224,212,67),(225,213,63),(226,214,134),(227,215,80),(228,216,41),(229,217,41),(230,218,41),(231,219,22),(232,220,139),(233,221,139),(234,222,139),(235,223,12),(236,224,12),(237,225,12),(238,226,12),(239,227,12),(240,228,119),(241,229,119),(242,230,63),(243,231,119),(244,232,119),(245,233,49),(246,234,75),(247,235,63),(248,236,18),(249,237,18),(250,238,18),(251,239,18),(252,240,9),(253,241,9),(254,242,123),(255,243,123),(256,244,123),(257,245,123),(258,246,123),(259,247,63),(260,248,148),(261,249,108),(262,250,17),(263,251,98),(264,252,21),(265,252,163),(266,253,50),(267,254,129),(268,254,84),(269,255,89),(270,256,63),(271,257,63),(272,258,63),(273,259,122),(274,260,63),(275,261,63),(276,262,63),(277,263,63),(278,264,63),(279,265,63),(280,266,63),(281,267,63),(282,268,63),(283,269,63),(284,270,63),(285,271,63),(286,272,63),(287,273,114),(288,274,37),(289,275,37),(290,276,37),(291,277,37),(292,278,37),(293,279,37),(294,280,37),(295,281,37),(296,282,37),(297,283,37),(298,284,37),(299,285,37),(300,286,37),(301,287,37),(302,288,37),(303,289,37),(304,290,37),(305,291,37),(306,292,37),(307,293,37),(308,294,167),(309,295,142),(310,296,63),(311,297,63),(312,298,63),(313,299,63),(314,300,53),(315,301,83),(316,302,74),(317,303,11),(318,303,45),(319,303,111),(320,304,144),(321,305,120),(322,305,13),(323,306,51),(324,307,155),(325,308,36),(326,309,127),(327,310,136),(328,311,116),(329,312,121),(330,313,165),(331,313,90),(332,314,63),(333,315,162),(334,316,95),(335,317,76);
/*!40000 ALTER TABLE `peliculadirector` ENABLE KEYS */;
UNLOCK TABLES;

--
-- Table structure for table `peliculagenero`
--

DROP TABLE IF EXISTS `peliculagenero`;
/*!40101 SET @saved_cs_client     = @@character_set_client */;
/*!50503 SET character_set_client = utf8mb4 */;
CREATE TABLE `peliculagenero` (
  `idpeliculagenero` int NOT NULL AUTO_INCREMENT,
  `idPGPelicula` int NOT NULL,
  `idPGGenero` int NOT NULL,
  PRIMARY KEY (`idpeliculagenero`),
  KEY `idGPGenero_idx` (`idPGGenero`),
  KEY `idGPPelicula_idx` (`idPGPelicula`),
  CONSTRAINT `idGPGenero` FOREIGN KEY (`idPGGenero`) REFERENCES `genero` (`idGenero`),
  CONSTRAINT `idGPPelicula` FOREIGN KEY (`idPGPelicula`) REFERENCES `pelicula` (`idImdb`)
) ENGINE=InnoDB AUTO_INCREMENT=576 DEFAULT CHARSET=utf8mb3 COLLATE=utf8mb3_bin;
/*!40101 SET character_set_client = @saved_cs_client */;

--
-- Dumping data for table `peliculagenero`
--

LOCK TABLES `peliculagenero` WRITE;
/*!40000 ALTER TABLE `peliculagenero` DISABLE KEYS */;
INSERT INTO `peliculagenero` VALUES (1,1,15),(2,2,15),(3,2,3),(4,2,12),(5,3,15),(6,4,10),(7,4,11),(8,5,24),(9,6,24),(10,7,6),(11,7,14),(12,7,10),(13,8,7),(14,9,15),(15,10,4),(16,10,7),(17,10,23),(18,11,10),(19,11,7),(20,11,23),(21,12,13),(22,13,13),(23,14,13),(24,15,13),(25,16,7),(26,17,24),(27,18,7),(28,18,23),(29,19,16),(30,20,10),(31,21,10),(32,22,7),(33,22,23),(34,23,7),(35,24,7),(36,25,7),(37,25,23),(38,26,14),(39,26,7),(40,26,23),(41,27,10),(42,27,23),(43,28,10),(44,28,23),(45,29,24),(46,30,24),(47,31,24),(48,32,7),(49,32,20),(50,33,7),(51,33,20),(52,34,7),(53,34,20),(54,35,11),(55,36,12),(56,37,16),(57,37,11),(58,38,11),(59,39,21),(60,40,16),(61,40,21),(62,41,18),(63,41,7),(64,41,8),(65,42,18),(66,42,7),(67,42,8),(68,43,16),(69,43,21),(70,43,11),(71,44,7),(72,44,23),(73,45,7),(74,45,23),(75,46,7),(76,47,7),(77,47,23),(78,48,7),(79,48,23),(80,49,7),(81,49,23),(82,50,7),(83,51,7),(84,52,7),(85,53,23),(86,53,10),(87,53,7),(88,54,10),(89,55,10),(90,56,7),(91,56,23),(92,57,24),(93,57,12),(94,57,17),(95,58,20),(96,58,24),(97,59,20),(98,59,24),(99,60,20),(100,60,24),(101,61,20),(102,61,24),(103,62,20),(104,62,24),(105,63,20),(106,63,24),(107,64,20),(108,64,24),(109,65,20),(110,65,24),(111,66,20),(112,66,24),(113,67,20),(114,67,24),(115,68,20),(116,68,24),(117,69,20),(118,69,24),(119,70,20),(120,70,24),(121,71,20),(122,71,24),(123,72,20),(124,72,24),(125,73,20),(126,73,24),(127,74,20),(128,74,24),(129,75,20),(130,75,24),(131,76,20),(132,76,24),(133,77,20),(134,77,24),(135,78,20),(136,78,24),(137,79,20),(138,79,24),(139,80,20),(140,80,24),(141,81,20),(142,81,24),(143,82,20),(144,82,24),(145,83,20),(146,83,24),(147,84,20),(148,84,24),(149,85,20),(150,85,24),(151,86,20),(152,86,24),(153,87,20),(154,87,24),(155,88,20),(156,88,24),(157,89,20),(158,89,24),(159,90,20),(160,90,24),(161,91,20),(162,91,24),(163,92,4),(164,92,24),(165,92,17),(166,93,10),(167,93,23),(168,94,10),(169,95,18),(170,95,7),(171,95,19),(172,96,20),(173,96,24),(174,97,10),(175,97,12),(176,97,11),(177,98,7),(178,98,23),(179,99,16),(180,99,11),(181,100,10),(182,100,23),(183,101,10),(184,101,23),(185,102,17),(186,103,24),(187,104,24),(188,105,24),(189,106,24),(190,107,24),(191,108,13),(192,109,10),(193,110,7),(194,111,13),(195,112,20),(196,113,20),(197,114,2),(198,114,10),(199,115,2),(200,115,18),(201,115,7),(202,116,10),(203,117,15),(204,118,7),(205,118,23),(206,119,2),(207,119,10),(208,120,15),(209,121,18),(210,121,19),(211,121,22),(212,122,15),(213,123,10),(214,123,18),(215,123,23),(216,124,15),(217,125,15),(218,125,3),(219,125,12),(220,126,7),(221,127,18),(222,128,2),(223,128,8),(224,129,12),(225,130,14),(226,130,4),(227,131,6),(228,131,2),(229,132,6),(230,132,2),(231,133,10),(232,134,15),(233,135,2),(234,135,10),(235,135,23),(236,136,2),(237,136,7),(238,136,19),(239,137,2),(240,137,10),(241,138,18),(242,138,7),(243,138,22),(244,139,2),(245,139,7),(246,140,15),(247,140,2),(248,140,4),(249,141,2),(250,141,7),(251,141,23),(252,142,10),(253,142,23),(254,143,2),(255,143,3),(256,143,7),(257,144,2),(258,144,18),(259,144,7),(260,145,2),(261,145,10),(262,146,2),(263,146,8),(264,146,12),(265,147,15),(266,148,2),(267,148,18),(268,148,7),(269,149,2),(270,149,7),(271,149,20),(272,150,2),(273,150,10),(274,150,8),(275,151,2),(276,151,10),(277,152,2),(278,152,10),(279,152,7),(280,153,15),(281,154,7),(282,155,15),(283,155,2),(284,155,7),(285,156,2),(286,156,7),(287,156,23),(288,157,10),(289,157,23),(290,158,24),(291,159,15),(292,159,3),(293,160,7),(294,160,5),(295,160,19),(296,161,10),(297,162,13),(298,163,7),(299,164,10),(300,164,11),(301,165,14),(302,165,18),(303,165,7),(304,166,15),(305,167,2),(306,167,22),(307,168,10),(308,168,5),(309,169,4),(310,169,18),(311,170,7),(312,171,2),(313,172,7),(314,172,23),(315,173,15),(316,174,15),(317,175,10),(318,176,12),(319,177,7),(320,178,10),(321,178,12),(322,179,8),(323,179,5),(324,180,10),(325,181,14),(326,181,10),(327,181,8),(328,182,10),(329,183,12),(330,184,12),(331,185,9),(332,186,7),(333,187,15),(334,187,2),(335,188,13),(336,189,13),(337,190,6),(338,190,2),(339,191,2),(340,192,12),(341,193,2),(342,194,2),(343,194,10),(344,195,2),(345,195,22),(346,196,2),(347,196,14),(348,196,10),(349,196,8),(350,197,7),(351,198,10),(352,198,7),(353,198,23),(354,199,14),(355,199,18),(356,199,7),(357,200,2),(358,201,2),(359,201,22),(360,202,2),(361,203,14),(362,203,12),(363,204,16),(364,205,7),(365,206,12),(366,207,20),(367,207,24),(368,208,20),(369,208,24),(370,209,20),(371,209,24),(372,210,20),(373,210,24),(374,211,20),(375,211,24),(376,212,4),(377,212,7),(378,212,23),(379,213,10),(380,213,7),(381,213,23),(382,214,7),(383,214,23),(384,215,10),(385,216,20),(386,216,24),(387,216,12),(388,217,20),(389,217,24),(390,217,12),(391,218,20),(392,218,24),(393,218,12),(394,219,6),(395,219,14),(396,219,4),(397,220,6),(398,220,14),(399,220,4),(400,221,6),(401,221,14),(402,221,4),(403,222,6),(404,222,14),(405,222,4),(406,223,7),(407,224,7),(408,225,7),(409,226,7),(410,227,7),(411,228,7),(412,229,7),(413,230,7),(414,231,7),(415,232,7),(416,233,6),(417,233,14),(418,233,4),(419,234,10),(420,235,7),(421,235,1),(422,236,7),(423,237,7),(424,238,7),(425,239,7),(426,240,7),(427,240,23),(428,241,7),(429,241,23),(430,242,24),(431,243,24),(432,244,24),(433,245,24),(434,246,24),(435,247,10),(436,247,11),(437,248,16),(438,248,11),(439,249,4),(440,249,6),(441,249,20),(442,250,16),(443,251,17),(444,252,3),(445,252,7),(446,252,12),(447,253,7),(448,253,23),(449,254,14),(450,254,4),(451,254,10),(452,255,7),(453,255,20),(454,256,10),(455,257,10),(456,258,10),(457,259,13),(458,260,16),(459,260,11),(460,261,16),(461,261,11),(462,262,16),(463,262,11),(464,263,16),(465,263,11),(466,264,16),(467,264,11),(468,265,16),(469,265,11),(470,266,4),(471,266,1),(472,267,4),(473,267,20),(474,267,8),(475,268,4),(476,268,20),(477,268,8),(478,269,4),(479,269,20),(480,269,8),(481,270,4),(482,270,20),(483,270,8),(484,271,20),(485,271,8),(486,271,1),(487,272,4),(488,272,20),(489,272,8),(490,273,10),(491,273,20),(492,273,24),(493,274,20),(494,274,24),(495,275,20),(496,275,24),(497,276,20),(498,276,24),(499,277,20),(500,277,24),(501,278,20),(502,278,24),(503,279,20),(504,279,24),(505,280,20),(506,280,24),(507,281,20),(508,281,24),(509,282,20),(510,282,24),(511,283,20),(512,283,24),(513,284,20),(514,284,24),(515,285,20),(516,285,24),(517,286,20),(518,286,24),(519,287,20),(520,287,24),(521,288,20),(522,288,24),(523,289,20),(524,289,24),(525,290,20),(526,290,24),(527,291,20),(528,291,24),(529,291,17),(530,292,20),(531,292,24),(532,293,20),(533,293,24),(534,294,7),(535,294,11),(536,295,7),(537,296,14),(538,296,21),(539,297,11),(540,298,11),(541,299,10),(542,299,24),(543,299,17),(544,300,7),(545,300,23),(546,301,15),(547,302,15),(548,303,6),(549,303,4),(550,303,20),(551,304,10),(552,304,7),(553,304,20),(554,305,15),(555,305,2),(556,306,7),(557,306,23),(558,307,7),(559,308,15),(560,309,14),(561,309,4),(562,309,8),(563,309,19),(564,309,1),(565,310,15),(566,311,15),(567,311,12),(568,312,22),(569,313,15),(570,314,10),(571,315,22),(572,316,10),(573,316,7),(574,316,23),(575,317,15);
/*!40000 ALTER TABLE `peliculagenero` ENABLE KEYS */;
UNLOCK TABLES;

--
-- Table structure for table `user`
--

DROP TABLE IF EXISTS `user`;
/*!40101 SET @saved_cs_client     = @@character_set_client */;
/*!50503 SET character_set_client = utf8mb4 */;
CREATE TABLE `user` (
  `id_User` int NOT NULL AUTO_INCREMENT,
  `Usuario` varchar(45) CHARACTER SET utf8mb3 COLLATE utf8mb3_bin NOT NULL,
  `Pass` varchar(45) CHARACTER SET utf8mb3 COLLATE utf8mb3_bin NOT NULL,
  `Nombre` varchar(70) CHARACTER SET utf8mb3 COLLATE utf8mb3_general_ci NOT NULL,
  `Edad` int NOT NULL,
  `Genero` varchar(10) CHARACTER SET utf8mb3 COLLATE utf8mb3_general_ci NOT NULL,
  `Correo` varchar(45) CHARACTER SET utf8mb3 COLLATE utf8mb3_bin NOT NULL,
  PRIMARY KEY (`id_User`)
) ENGINE=InnoDB AUTO_INCREMENT=21 DEFAULT CHARSET=utf8mb3 COLLATE=utf8mb3_bin;
/*!40101 SET character_set_client = @saved_cs_client */;

--
-- Dumping data for table `user`
--

LOCK TABLES `user` WRITE;
/*!40000 ALTER TABLE `user` DISABLE KEYS */;
INSERT INTO `user` VALUES (16,'hola','1234','hola',15,'masculino','hola.com'),(17,'jabon','1234','juana',15,'masculino','jabon@gmail.com'),(18,'Juan1234','1234','Juan',15,'masculino','juan@gmail.com'),(19,'Vero15','1234','Veronica',23,'Femenino ','vero@gmail.com'),(20,'Mario15','1234','Marios',15,'Masculino','mario@gmail.com');
/*!40000 ALTER TABLE `user` ENABLE KEYS */;
UNLOCK TABLES;
/*!40103 SET TIME_ZONE=@OLD_TIME_ZONE */;

/*!40101 SET SQL_MODE=@OLD_SQL_MODE */;
/*!40014 SET FOREIGN_KEY_CHECKS=@OLD_FOREIGN_KEY_CHECKS */;
/*!40014 SET UNIQUE_CHECKS=@OLD_UNIQUE_CHECKS */;
/*!40101 SET CHARACTER_SET_CLIENT=@OLD_CHARACTER_SET_CLIENT */;
/*!40101 SET CHARACTER_SET_RESULTS=@OLD_CHARACTER_SET_RESULTS */;
/*!40101 SET COLLATION_CONNECTION=@OLD_COLLATION_CONNECTION */;
/*!40111 SET SQL_NOTES=@OLD_SQL_NOTES */;

-- Dump completed on 2023-01-13 20:34:45
